ACC_X;ACC_Y;ACC_Z;Timestamps;YYYY-MO-DD;HH-MI-SS_SSS
0.8045;1.4198;9.6798;23;03/27/21;13:46:24:092
0.8906;1.4521;9.6055;43;03/27/21;13:46:24:112
1.1169;1.555;9.5577;63;03/27/21;13:46:24:132
1.3719;1.5239;9.5217;84;03/27/21;13:46:24:153
1.2881;1.5083;9.8857;103;03/27/21;13:46:24:172
1.2977;1.4186;10.0628;123;03/27/21;13:46:24:192
1.3503;1.3036;10.331;143;03/27/21;13:46:24:212
1.3276;1.2821;10.1658;163;03/27/21;13:46:24:232
1.2534;1.4509;9.6295;183;03/27/21;13:46:24:252
1.1133;1.6305;9.2656;203;03/27/21;13:46:24:272
1.0451;1.658;9.1506;223;03/27/21;13:46:24:292
0.9325;1.731;9.0441;243;03/27/21;13:46:24:312
0.972;1.901;8.8681;263;03/27/21;13:46:24:332
1.1013;1.8663;9.0908;283;03/27/21;13:46:24:352
1.1061;1.634;9.5146;304;03/27/21;13:46:24:373
0.9888;1.6029;9.7719;323;03/27/21;13:46:24:392
1.0211;1.5874;9.7731;343;03/27/21;13:46:24:412
1.1289;1.6233;9.5792;363;03/27/21;13:46:24:432
1.1875;1.6652;9.4032;383;03/27/21;13:46:24:452
1.142;1.6915;9.1889;403;03/27/21;13:46:24:472
1.0882;1.7274;9.1722;422;03/27/21;13:46:24:491
0.9996;1.7873;9.2069;443;03/27/21;13:46:24:512
1.0163;1.907;9.1016;463;03/27/21;13:46:24:532
0.9936;1.9225;9.1087;483;03/27/21;13:46:24:552
1.087;1.8399;9.1028;503;03/27/21;13:46:24:572
1.0606;1.901;9.183;523;03/27/21;13:46:24:592
1.1145;1.901;9.1674;543;03/27/21;13:46:24:612
1.1061;1.9836;9.262;564;03/27/21;13:46:24:633
1.1313;1.9632;9.3865;582;03/27/21;13:46:24:651
1.1612;1.9321;9.4607;604;03/27/21;13:46:24:673
1.1672;1.9082;9.5565;624;03/27/21;13:46:24:693
1.1396;1.9812;9.5565;643;03/27/21;13:46:24:712
1.0307;2.0997;9.6486;663;03/27/21;13:46:24:732
1.0175;2.4157;9.5313;683;03/27/21;13:46:24:752
0.6632;2.4936;9.8964;703;03/27/21;13:46:24:772
0.4729;2.3044;10.416;723;03/27/21;13:46:24:792
0.146;1.1779;11.8286;743;03/27/21;13:46:24:812
0.1245;-0.0335;13.3956;763;03/27/21;13:46:24:832
0.7638;-0.4501;12.372;783;03/27/21;13:46:24:852
1.0163;0.0108;11.2527;803;03/27/21;13:46:24:872
1.1791;0.2322;9.7875;824;03/27/21;13:46:24:893
0.7422;0.5926;9.3673;844;03/27/21;13:46:24:913
0.5124;0.8284;9.5409;863;03/27/21;13:46:24:932
-0.3759;0.8068;9.5636;891;03/27/21;13:46:24:960
-0.3759;0.8068;9.5636;903;03/27/21;13:46:24:972
-0.6057;0.9888;8.7712;923;03/27/21;13:46:24:992
-0.6764;1.0918;8.5078;943;03/27/21;13:46:25:012
-0.68;1.0834;8.5617;963;03/27/21;13:46:25:032
-0.6105;1.0331;8.8729;983;03/27/21;13:46:25:052
-0.6297;0.7973;9.4751;1003;03/27/21;13:46:25:072
-0.3172;0.3986;9.8581;1023;03/27/21;13:46:25:092
-0.316;0.3376;10.0137;1043;03/27/21;13:46:25:112
-0.2634;0.4932;9.7552;1063;03/27/21;13:46:25:132
0.0958;1.0259;8.7724;1083;03/27/21;13:46:25:152
0.2011;1.2234;8.6084;1103;03/27/21;13:46:25:172
0.1089;1.2641;8.7891;1123;03/27/21;13:46:25:192
0.067;1.2929;9.0633;1143;03/27/21;13:46:25:212
0.0706;1.3515;9.2476;1163;03/27/21;13:46:25:232
0.1616;1.4533;9.2703;1182;03/27/21;13:46:25:251
0.2143;1.6041;9.0597;1205;03/27/21;13:46:25:274
0.2442;1.6676;8.9771;1223;03/27/21;13:46:25:292
0.255;1.6688;8.9543;1243;03/27/21;13:46:25:312
0.2394;1.6879;8.9435;1263;03/27/21;13:46:25:332
0.3136;1.8447;8.7568;1283;03/27/21;13:46:25:352
0.1927;1.8495;8.9016;1303;03/27/21;13:46:25:372
0.2586;1.8711;8.9447;1323;03/27/21;13:46:25:392
0.3531;1.986;9.2548;1344;03/27/21;13:46:25:413
0.407;2.0243;9.3194;1364;03/27/21;13:46:25:433
0.4154;2.1691;9.3709;1384;03/27/21;13:46:25:453
0.3855;2.1787;9.5409;1404;03/27/21;13:46:25:473
0.2753;2.0889;9.7887;1423;03/27/21;13:46:25:492
0.2849;1.9501;9.9431;1443;03/27/21;13:46:25:512
0.1245;1.9644;10.0592;1463;03/27/21;13:46:25:532
0.1245;1.9764;10.0952;1483;03/27/21;13:46:25:552
0.2119;2.5798;9.8629;1503;03/27/21;13:46:25:572
0.5997;2.6707;10.3418;1523;03/27/21;13:46:25:592
1.0403;1.6424;11.4287;1543;03/27/21;13:46:25:612
0.8775;-0.006;12.9885;1562;03/27/21;13:46:25:631
0.3112;-0.9445;14.2335;1584;03/27/21;13:46:25:653
0.4908;-1.075;14.06;1603;03/27/21;13:46:25:672
0.9601;-0.4022;11.8621;1623;03/27/21;13:46:25:692
1.2917;0.0646;10.0904;1643;03/27/21;13:46:25:712
1.9501;1.1325;7.8841;1663;03/27/21;13:46:25:732
2.2649;1.5826;7.252;1683;03/27/21;13:46:25:752
2.4983;1.5119;7.2484;1702;03/27/21;13:46:25:771
2.3308;1.3216;7.6483;1723;03/27/21;13:46:25:792
1.7166;0.7997;8.7616;1743;03/27/21;13:46:25:812
1.3192;0.0814;9.6905;1763;03/27/21;13:46:25:832
0.8559;-0.1951;10.2232;1784;03/27/21;13:46:25:853
0.832;0.0359;9.6271;1803;03/27/21;13:46:25:872
0.9349;0.4441;8.5258;1823;03/27/21;13:46:25:892
1.0259;0.6847;7.8781;1843;03/27/21;13:46:25:912
0.9828;1.2342;8.0218;1864;03/27/21;13:46:25:933
0.9828;1.2342;8.0218;1883;03/27/21;13:46:25:952
1.0187;1.3467;8.7532;1902;03/27/21;13:46:25:971
1.0846;1.3455;8.922;1923;03/27/21;13:46:25:992
1.1301;1.3396;9.183;1943;03/27/21;13:46:26:012
1.1157;1.2833;9.3925;1962;03/27/21;13:46:26:031
1.0846;1.336;9.4846;1984;03/27/21;13:46:26:053
1.0738;1.4054;9.4691;2003;03/27/21;13:46:26:072
1.1396;1.6293;9.1602;2023;03/27/21;13:46:26:092
1.1552;1.6927;8.9974;2043;03/27/21;13:46:26:112
1.1289;1.7633;8.9603;2063;03/27/21;13:46:26:132
0.978;1.8507;9.2165;2084;03/27/21;13:46:26:153
1.0678;1.9549;9.2009;2103;03/27/21;13:46:26:172
1.1396;2.0111;9.1722;2123;03/27/21;13:46:26:192
1.2163;2.0949;9.1111;2143;03/27/21;13:46:26:212
1.2019;1.9501;9.4619;2163;03/27/21;13:46:26:232
1.5215;1.8507;9.7659;2183;03/27/21;13:46:26:252
1.2689;1.81;10.0281;2203;03/27/21;13:46:26:272
1.1648;1.7538;10.2651;2223;03/27/21;13:46:26:292
0.8894;2.1883;10.1969;2243;03/27/21;13:46:26:312
0.2059;2.5055;10.2484;2263;03/27/21;13:46:26:332
0.2059;2.5055;10.2484;2282;03/27/21;13:46:26:351
-0.3974;1.3815;11.6717;2303;03/27/21;13:46:26:372
-0.7745;-0.2095;13.8744;2323;03/27/21;13:46:26:392
-0.6321;-0.7338;13.6266;2343;03/27/21;13:46:26:412
-0.2538;-0.5291;10.8517;2363;03/27/21;13:46:26:432
0.1281;0.3077;8.8861;2382;03/27/21;13:46:26:451
0.3304;0.9457;7.8913;2403;03/27/21;13:46:26:472
0.3089;1.0391;7.9583;2423;03/27/21;13:46:26:492
0.0706;0.9828;9.0585;2443;03/27/21;13:46:26:512
-0.2251;0.7159;9.9024;2463;03/27/21;13:46:26:532
-0.3436;0.5124;10.1861;2483;03/27/21;13:46:26:552
-0.2538;0.2717;9.997;2503;03/27/21;13:46:26:572
-0.0886;0.4681;9.3039;2523;03/27/21;13:46:26:592
0.0335;0.6728;8.5341;2543;03/27/21;13:46:26:612
0.1987;0.9792;8.1379;2563;03/27/21;13:46:26:632
0.2646;1.1959;8.0529;2583;03/27/21;13:46:26:652
0.2442;1.2821;8.1894;2603;03/27/21;13:46:26:672
0.0551;1.3324;8.5054;2624;03/27/21;13:46:26:693
-0.0132;1.3527;8.8178;2644;03/27/21;13:46:26:713
-0.0958;1.4066;9.1506;2664;03/27/21;13:46:26:733
-0.1197;1.415;9.3565;2684;03/27/21;13:46:26:753
-0.0742;1.8304;9.2548;2703;03/27/21;13:46:26:772
0.3041;1.6616;9.1028;2723;03/27/21;13:46:26:792
0.1867;1.7334;9.0166;2743;03/27/21;13:46:26:812
0.3124;1.9046;8.7915;2763;03/27/21;13:46:26:832
0.4322;1.9489;8.734;2783;03/27/21;13:46:26:852
0.4166;1.9106;9.098;2804;03/27/21;13:46:26:873
0.3496;1.9321;9.4667;2823;03/27/21;13:46:26:892
0.4034;2.1009;9.4774;2843;03/27/21;13:46:26:912
0.2933;1.9357;9.8509;2863;03/27/21;13:46:26:932
0.2897;1.8399;10.0114;2884;03/27/21;13:46:26:953
0.0371;1.6101;10.7009;2903;03/27/21;13:46:26:972
-0.1053;1.919;11.1079;2922;03/27/21;13:46:26:991
0.4357;2.2182;11.0397;2943;03/27/21;13:46:27:012
0.8775;2.0446;11.7184;2963;03/27/21;13:46:27:032
1.0702;-0.6788;13.526;2983;03/27/21;13:46:27:052
0.8104;-0.7889;12.8305;3003;03/27/21;13:46:27:072
1.0116;-0.7266;10.8541;3023;03/27/21;13:46:27:092
0.972;-0.3915;9.9084;3043;03/27/21;13:46:27:112
0.8847;0.0156;9.9084;3063;03/27/21;13:46:27:132
1.0798;1.2426;7.5417;3084;03/27/21;13:46:27:153
1.409;1.415;7.1742;3103;03/27/21;13:46:27:172
1.4329;1.0618;8.4503;3123;03/27/21;13:46:27:192
1.245;0.3412;9.6043;3143;03/27/21;13:46:27:212
1.0463;-0.2993;10.4806;3163;03/27/21;13:46:27:232
0.917;-0.2753;10.5584;3183;03/27/21;13:46:27:252
0.9744;0.1903;9.7049;3204;03/27/21;13:46:27:273
0.9948;0.559;8.7197;3223;03/27/21;13:46:27:292
1.0151;0.6835;8.0697;3243;03/27/21;13:46:27:312
0.8535;1.1121;7.9368;3263;03/27/21;13:46:27:332
0.8535;1.1121;7.9368;3283;03/27/21;13:46:27:352
0.7709;1.2785;7.8949;3302;03/27/21;13:46:27:371
0.9481;1.5263;8.2133;3323;03/27/21;13:46:27:392
0.9936;1.4928;8.4515;3343;03/27/21;13:46:27:412
1.2222;1.342;9.2596;3363;03/27/21;13:46:27:432
1.2989;1.3336;9.3338;3383;03/27/21;13:46:27:452
1.4054;1.4018;9.4032;3403;03/27/21;13:46:27:472
1.3611;1.5203;9.4188;3424;03/27/21;13:46:27:493
1.3611;1.5203;9.4188;3443;03/27/21;13:46:27:512
1.1504;1.7813;9.2273;3463;03/27/21;13:46:27:532
1.0451;1.9453;9.0752;3483;03/27/21;13:46:27:552
1.0092;1.9405;9.3661;3504;03/27/21;13:46:27:573
1.2809;1.9429;9.4308;3523;03/27/21;13:46:27:592
1.3719;1.7166;9.7779;3543;03/27/21;13:46:27:612
1.3156;1.6688;10.1071;3563;03/27/21;13:46:27:632
1.5155;1.6831;10.5129;3583;03/27/21;13:46:27:652
1.6352;2.3379;9.9491;3603;03/27/21;13:46:27:672
1.5167;2.6181;9.6869;3623;03/27/21;13:46:27:692
0.8643;2.3499;10.2556;3643;03/27/21;13:46:27:712
0.0599;0.65;12.9478;3663;03/27/21;13:46:27:732
0.1616;-1.3695;14.7567;3683;03/27/21;13:46:27:752
0.4357;-1.0618;12.9981;3703;03/27/21;13:46:27:772
0.4956;-0.5938;11.8429;3723;03/27/21;13:46:27:792
0.6177;0.6871;7.8805;3743;03/27/21;13:46:27:812
0.6177;0.6871;7.8805;3763;03/27/21;13:46:27:832
0.1616;1.2127;7.197;3783;03/27/21;13:46:27:852
-0.6393;1.2426;9.007;3803;03/27/21;13:46:27:872
-0.65;1.0008;9.578;3823;03/27/21;13:46:27:892
-0.5578;0.4166;10.2627;3845;03/27/21;13:46:27:914
-0.2717;0.1927;9.8964;3864;03/27/21;13:46:27:933
0.0443;0.723;8.8957;3883;03/27/21;13:46:27:952
0.3998;0.9517;8.3103;3904;03/27/21;13:46:27:973
0.4477;1.0379;8.1666;3923;03/27/21;13:46:27:992
0.4034;1.0403;8.2013;3943;03/27/21;13:46:28:012
0.3124;1.0666;8.3905;3962;03/27/21;13:46:28:031
0.2586;1.2306;8.1965;3983;03/27/21;13:46:28:052
0.1413;1.3396;8.3091;4004;03/27/21;13:46:28:073
0.1413;1.3396;8.3091;4023;03/27/21;13:46:28:092
0.0407;1.3479;8.5341;4043;03/27/21;13:46:28:112
-0.1065;1.3372;9.0824;4063;03/27/21;13:46:28:132
-0.0922;1.3874;9.0776;4084;03/27/21;13:46:28:153
-0.0539;1.4018;9.0776;4105;03/27/21;13:46:28:174
0.1365;1.4664;9.068;4123;03/27/21;13:46:28:192
0.1437;1.6293;9.147;4143;03/27/21;13:46:28:212
0.158;1.9082;9.0621;4163;03/27/21;13:46:28:232
0.2071;2.0207;9.0309;4183;03/27/21;13:46:28:252
0.1628;2.0087;9.3613;4203;03/27/21;13:46:28:272
0.2322;1.8651;9.7887;4223;03/27/21;13:46:28:292
0.237;1.7753;10.0341;4242;03/27/21;13:46:28:311
0.103;1.3156;11.0265;4263;03/27/21;13:46:28:332
0.17;1.8747;10.7272;4283;03/27/21;13:46:28:352
0.17;1.8747;10.7272;4303;03/27/21;13:46:28:372
0.6464;2.0243;10.6877;4323;03/27/21;13:46:28:392
0.7721;0.5507;12.2188;4344;03/27/21;13:46:28:413
0.3424;-1.1013;14.1497;4363;03/27/21;13:46:28:432
0.2849;-0.8918;12.6486;4382;03/27/21;13:46:28:451
0.6237;0.1053;9.9455;4403;03/27/21;13:46:28:472
1.069;0.9673;7.8865;4423;03/27/21;13:46:28:492
1.1576;1.2869;7.5226;4443;03/27/21;13:46:28:512
1.0965;1.0163;8.5653;4463;03/27/21;13:46:28:532
0.9649;0.4501;9.8102;4483;03/27/21;13:46:28:552
0.7195;-0.0898;10.6374;4504;03/27/21;13:46:28:573
0.8188;-0.2095;10.1598;4523;03/27/21;13:46:28:592
1.1049;-0.018;9.6067;4543;03/27/21;13:46:28:612
0.8452;0.5531;8.2971;4563;03/27/21;13:46:28:632
0.662;0.8128;8.2277;4582;03/27/21;13:46:28:651
0.5195;0.99;8.0601;4603;03/27/21;13:46:28:672
0.504;1.0798;8.0673;4623;03/27/21;13:46:28:692
0.4788;1.2186;8.2672;4643;03/27/21;13:46:28:712
0.4633;1.2318;8.6862;4663;03/27/21;13:46:28:732
0.48;1.1133;9.0908;4683;03/27/21;13:46:28:752
0.6249;1.087;9.2512;4703;03/27/21;13:46:28:772
0.6847;1.1456;9.3063;4723;03/27/21;13:46:28:792
0.808;1.2737;9.232;4743;03/27/21;13:46:28:812
0.7937;1.4114;9.347;4763;03/27/21;13:46:28:832
0.589;1.5538;9.4906;4783;03/27/21;13:46:28:852
0.4226;1.7825;9.5158;4803;03/27/21;13:46:28:872
0.486;1.8806;9.3254;4823;03/27/21;13:46:28:892
0.4477;1.798;9.3087;4843;03/27/21;13:46:28:912
0.48;1.798;9.3087;4863;03/27/21;13:46:28:932
0.5543;1.4808;9.9335;4884;03/27/21;13:46:28:953
0.5543;1.4808;9.9335;4902;03/27/21;13:46:28:971
0.8068;1.1468;10.7715;4923;03/27/21;13:46:28:992
1.0534;1.6939;9.8988;4942;03/27/21;13:46:29:011
0.7817;1.9345;9.4822;4963;03/27/21;13:46:29:032
-0.1556;1.1432;11.06;4983;03/27/21;13:46:29:052
-0.504;-0.7242;13.4997;5003;03/27/21;13:46:29:072
-0.1233;-1.3048;13.9151;5023;03/27/21;13:46:29:092
0.0958;-0.8212;12.3206;5043;03/27/21;13:46:29:112
0.0958;-0.8212;12.3206;5063;03/27/21;13:46:29:132
0.4429;0.3747;8.3007;5083;03/27/21;13:46:29:152
0.2909;0.9481;7.2568;5103;03/27/21;13:46:29:172
0.0778;1.0989;7.1204;5123;03/27/21;13:46:29:192
-0.4764;1.1277;8.1906;5143;03/27/21;13:46:29:212
-0.6488;0.5327;9.8234;5163;03/27/21;13:46:29:232
-0.5052;-0.1293;10.4507;5183;03/27/21;13:46:29:252
-0.3723;-0.1796;10.2197;5203;03/27/21;13:46:29:272
-0.2274;-0.0754;9.8342;5223;03/27/21;13:46:29:292
-0.0311;0.395;9.068;5243;03/27/21;13:46:29:312
0.0982;0.7793;8.321;5263;03/27/21;13:46:29:332
0.0527;0.8475;8.3426;5282;03/27/21;13:46:29:351
0.0347;0.8535;8.57;5302;03/27/21;13:46:29:371
0.0036;0.8631;8.685;5323;03/27/21;13:46:29:392
0.0838;0.9301;8.7197;5343;03/27/21;13:46:29:412
-0.0299;0.9888;8.8262;5363;03/27/21;13:46:29:432
-0.164;0.9804;9.1351;5383;03/27/21;13:46:29:452
-0.1532;0.9301;9.4786;5403;03/27/21;13:46:29:472
-0.1089;0.9385;9.5612;5423;03/27/21;13:46:29:492
-0.0192;0.9864;9.651;5443;03/27/21;13:46:29:512
0.1293;1.1971;9.2237;5463;03/27/21;13:46:29:532
0.152;1.3659;8.9172;5483;03/27/21;13:46:29:552
0.1197;1.6053;8.8166;5503;03/27/21;13:46:29:572
0.0694;1.7382;8.8585;5523;03/27/21;13:46:29:592
-0.0012;1.7813;9.1578;5543;03/27/21;13:46:29:612
-0.0455;1.4222;10.0868;5563;03/27/21;13:46:29:632
-0.0132;1.0379;10.7488;5583;03/27/21;13:46:29:652
-0.1963;1.142;11.0492;5603;03/27/21;13:46:29:672
-0.0251;1.5083;10.6997;5624;03/27/21;13:46:29:693
0.5602;1.9249;10.1921;5643;03/27/21;13:46:29:712
0.6536;0.2753;12.3912;5663;03/27/21;13:46:29:732
0.7326;-0.9541;13.8349;5683;03/27/21;13:46:29:752
0.4992;-1.0714;13.3728;5703;03/27/21;13:46:29:772
0.6931;-0.8535;12.0847;5723;03/27/21;13:46:29:792
0.9218;0.0491;9.7468;5743;03/27/21;13:46:29:812
1.227;0.8906;7.9679;5763;03/27/21;13:46:29:832
1.3587;1.2486;7.4843;5783;03/27/21;13:46:29:852
1.2737;1.1516;8.0888;5803;03/27/21;13:46:29:872
1.1313;0.5878;9.1614;5823;03/27/21;13:46:29:892
0.9637;-0.1209;10.0724;5843;03/27/21;13:46:29:912
0.7877;-0.3364;10.2927;5862;03/27/21;13:46:29:931
0.7027;-0.1472;9.5768;5883;03/27/21;13:46:29:952
0.6225;0.2969;8.6479;5903;03/27/21;13:46:29:972
0.5207;0.6847;7.9643;5923;03/27/21;13:46:29:992
0.4908;0.9337;7.7285;5943;03/27/21;13:46:30:012
0.5004;1.1085;8.1175;5963;03/27/21;13:46:30:032
0.5698;1.0546;8.6443;5983;03/27/21;13:46:30:052
0.6728;0.8966;9.2177;6002;03/27/21;13:46:30:071
0.7769;0.8033;9.3865;6023;03/27/21;13:46:30:092
0.8523;0.7302;9.7659;6043;03/27/21;13:46:30:112
0.9637;0.8296;9.9647;6063;03/27/21;13:46:30:132
0.9637;1.0858;9.6881;6083;03/27/21;13:46:30:152
0.9301;1.4246;9.2751;6103;03/27/21;13:46:30:172
0.8871;1.5718;9.1171;6123;03/27/21;13:46:30:192
0.8272;1.7585;8.8861;6143;03/27/21;13:46:30:212
0.6823;1.7789;9.1255;6163;03/27/21;13:46:30:232
0.6345;1.6364;9.5409;6183;03/27/21;13:46:30:252
0.7362;1.4784;9.7851;6203;03/27/21;13:46:30:272
0.7841;1.415;9.9024;6225;03/27/21;13:46:30:294
1.0247;1.1037;10.3513;6244;03/27/21;13:46:30:313
0.9864;1.1217;10.4866;6265;03/27/21;13:46:30:334
0.899;1.6029;10.3848;6283;03/27/21;13:46:30:352
0.4872;1.8914;10.3884;6303;03/27/21;13:46:30:372
0.1616;1.8064;10.6925;6323;03/27/21;13:46:30:392
-0.3926;0.4573;12.6186;6343;03/27/21;13:46:30:412
-0.1975;-1.0008;13.5248;6363;03/27/21;13:46:30:432
0.2406;-0.8428;12.1111;6383;03/27/21;13:46:30:452
0.3783;-0.0862;10.2244;6403;03/27/21;13:46:30:472
0.4872;0.6153;8.5054;6423;03/27/21;13:46:30:492
0.1939;1.148;7.5489;6443;03/27/21;13:46:30:512
-0.1867;1.245;7.7907;6463;03/27/21;13:46:30:532
-0.4729;0.9349;8.7652;6483;03/27/21;13:46:30:552
-0.5423;0.2095;9.912;6504;03/27/21;13:46:30:573
-0.3292;-0.3304;10.3633;6523;03/27/21;13:46:30:592
-0.2646;-0.3208;10.094;6544;03/27/21;13:46:30:613
-0.1856;0.0251;9.2596;6563;03/27/21;13:46:30:632
-0.0946;0.3938;8.5162;6583;03/27/21;13:46:30:652
-0.0634;0.6021;8.0505;6603;03/27/21;13:46:30:672
0.0359;0.6692;7.9871;6623;03/27/21;13:46:30:692
0.0922;0.8164;8.0469;6643;03/27/21;13:46:30:712
0.0754;0.9792;8.2696;6663;03/27/21;13:46:30:732
-0.0706;1.0127;8.606;6683;03/27/21;13:46:30:752
-0.1365;0.99;8.9388;6703;03/27/21;13:46:30:772
-0.1508;0.9996;9.0214;6724;03/27/21;13:46:30:793
-0.1389;1.0702;9.1674;6743;03/27/21;13:46:30:812
-0.0778;1.0463;9.4068;6763;03/27/21;13:46:30:832
0.0144;1.1001;9.4248;6783;03/27/21;13:46:30:852
0.067;1.2198;9.3757;6803;03/27/21;13:46:30:872
0.1532;1.3144;9.3362;6823;03/27/21;13:46:30:892
0.1628;1.4042;9.3565;6843;03/27/21;13:46:30:912
0.1808;1.664;9.3613;6863;03/27/21;13:46:30:932
0.1257;1.7502;9.5744;6883;03/27/21;13:46:30:952
0.103;1.6879;9.8737;6902;03/27/21;13:46:30:971
0.0694;1.6233;10.0461;6923;03/27/21;13:46:30:992
0.0335;1.3874;10.6279;6943;03/27/21;13:46:31:012
0.0263;1.6592;10.7308;6963;03/27/21;13:46:31:032
0.4633;2.3403;10.0664;6983;03/27/21;13:46:31:052
0.5962;1.8783;10.7296;7003;03/27/21;13:46:31:072
0.6776;1.2366;11.4072;7024;03/27/21;13:46:31:093
0.7913;-0.3759;13.1561;7044;03/27/21;13:46:31:113
0.6273;-1.1001;12.87;7063;03/27/21;13:46:31:132
0.5794;-0.2921;10.7955;7083;03/27/21;13:46:31:152
0.7123;0.4537;9.0884;7103;03/27/21;13:46:31:172
0.8116;0.7314;8.3139;7123;03/27/21;13:46:31:192
0.9637;1.0942;7.689;7143;03/27/21;13:46:31:212
1.3587;1.1109;8.3821;7163;03/27/21;13:46:31:232
1.3695;0.6057;9.2608;7183;03/27/21;13:46:31:252
1.4341;-0.0527;10.222;7202;03/27/21;13:46:31:271
1.2809;-0.4262;10.5273;7223;03/27/21;13:46:31:292
1.1624;-0.3484;10.4639;7243;03/27/21;13:46:31:312
1.142;0.018;9.6546;7264;03/27/21;13:46:31:333
0.9852;0.3531;8.7257;7283;03/27/21;13:46:31:352
0.7673;0.5746;8.2384;7303;03/27/21;13:46:31:372
0.6895;0.7398;7.9571;7323;03/27/21;13:46:31:392
0.5231;1.2175;8.248;7344;03/27/21;13:46:31:413
0.5231;1.2378;8.3486;7363;03/27/21;13:46:31:432
0.6249;1.1851;8.6874;7384;03/27/21;13:46:31:453
0.7925;1.0343;8.9747;7403;03/27/21;13:46:31:472
0.8272;0.9409;9.3326;7423;03/27/21;13:46:31:492
0.7003;0.9541;9.4858;7443;03/27/21;13:46:31:512
0.5986;1.1815;9.5828;7463;03/27/21;13:46:31:532
0.6369;1.3479;9.4894;7483;03/27/21;13:46:31:552
0.6919;1.4234;9.3721;7503;03/27/21;13:46:31:572
0.7195;1.4629;9.2931;7523;03/27/21;13:46:31:592
0.7913;1.5862;9.3948;7543;03/27/21;13:46:31:612
0.8428;1.6807;9.3865;7563;03/27/21;13:46:31:632
1.0558;1.6831;9.4068;7583;03/27/21;13:46:31:652
1.1672;1.5287;9.6534;7603;03/27/21;13:46:31:672
1.1672;1.5287;9.7959;7623;03/27/21;13:46:31:692
1.2031;1.3156;10.2807;7643;03/27/21;13:46:31:712
1.221;1.2629;10.7691;7663;03/27/21;13:46:31:732
1.166;2.059;10.0353;7683;03/27/21;13:46:31:752
1.0726;2.308;9.6833;7704;03/27/21;13:46:31:773
0.6847;1.998;10.2604;7724;03/27/21;13:46:31:793
-0.5076;0.425;12.3972;7743;03/27/21;13:46:31:812
-0.4465;-1.093;14.03;7763;03/27/21;13:46:31:832
0.1209;-0.9756;11.989;7783;03/27/21;13:46:31:852
0.5052;-0.6381;9.572;7803;03/27/21;13:46:31:872
0.759;0.51;7.8542;7823;03/27/21;13:46:31:892
0.7254;1.1277;6.9635;7843;03/27/21;13:46:31:912
0.5064;1.2091;6.9659;7863;03/27/21;13:46:31:932
0.2885;1.1744;8.2564;7883;03/27/21;13:46:31:952
-0.1305;0.1329;10.1203;7903;03/27/21;13:46:31:972
-0.1113;-0.243;10.6949;7923;03/27/21;13:46:31:992
-0.0012;-0.4525;10.9846;7943;03/27/21;13:46:32:012
0.3089;-0.0467;9.3829;7963;03/27/21;13:46:32:032
0.504;0.4848;8.8178;7982;03/27/21;13:46:32:051
0.589;0.7745;8.1618;8003;03/27/21;13:46:32:072
0.5638;0.7973;8.3103;8023;03/27/21;13:46:32:092
0.4166;0.8787;8.6694;8043;03/27/21;13:46:32:112
0.3807;1.0211;8.8741;8063;03/27/21;13:46:32:132
0.4202;1.2414;8.9771;8083;03/27/21;13:46:32:152
0.407;1.2306;9.0956;8103;03/27/21;13:46:32:172
0.4178;1.2103;9.1482;8123;03/27/21;13:46:32:192
0.3831;1.1205;9.335;8143;03/27/21;13:46:32:212
0.2598;1.154;9.5253;8163;03/27/21;13:46:32:232
0.2765;1.2246;9.4619;8183;03/27/21;13:46:32:252
0.3328;1.3324;9.3362;8202;03/27/21;13:46:32:271
0.3531;1.3539;9.2775;8223;03/27/21;13:46:32:292
0.3412;1.5;9.2105;8243;03/27/21;13:46:32:312
0.2945;1.5395;8.8897;8263;03/27/21;13:46:32:332
0.2861;1.6843;9.2225;8283;03/27/21;13:46:32:352
0.2502;1.7166;9.2871;8303;03/27/21;13:46:32:372
0.1879;1.6688;9.5421;8323;03/27/21;13:46:32:392
0.1006;1.3276;10.2508;8343;03/27/21;13:46:32:412
0.0096;1.1588;10.5716;8363;03/27/21;13:46:32:432
0.1173;1.4102;10.3681;8382;03/27/21;13:46:32:451
0.8655;2.3463;9.8509;8403;03/27/21;13:46:32:472
1.0116;1.913;10.4315;8423;03/27/21;13:46:32:492
1.1061;1.172;11.2755;8443;03/27/21;13:46:32:512
0.7733;-1.0786;14.0348;8463;03/27/21;13:46:32:532
0.7254;-1.1241;13.5009;8483;03/27/21;13:46:32:552
0.6596;-0.516;11.6657;8503;03/27/21;13:46:32:572
0.8428;-0.0383;10.009;8523;03/27/21;13:46:32:592
0.9816;0.1437;9.3901;8544;03/27/21;13:46:32:613
1.3048;0.9673;7.9212;8563;03/27/21;13:46:32:632
1.6676;1.4964;7.3706;8582;03/27/21;13:46:32:651
2.0087;1.5419;7.4268;8603;03/27/21;13:46:32:672
2.1608;1.2809;7.6842;8623;03/27/21;13:46:32:692
1.9788;0.6692;8.6;8643;03/27/21;13:46:32:712
1.5143;-0.1006;9.8629;8663;03/27/21;13:46:32:732
0.9481;-0.255;10.398;8684;03/27/21;13:46:32:753
0.9565;0.1257;9.517;8703;03/27/21;13:46:32:772
1.0271;0.3328;8.7317;8723;03/27/21;13:46:32:792
1.1672;0.6345;8.3522;8743;03/27/21;13:46:32:812
1.3707;0.7793;7.9906;8763;03/27/21;13:46:32:832
1.4365;1.0008;8.4455;8783;03/27/21;13:46:32:852
1.4664;1.0116;8.9232;8803;03/27/21;13:46:32:872
1.5766;0.9278;9.1315;8823;03/27/21;13:46:32:892
1.5191;0.9529;9.2404;8844;03/27/21;13:46:32:913
1.4353;1.1971;9.2548;8864;03/27/21;13:46:32:933
1.4425;1.257;9.2117;8884;03/27/21;13:46:32:953
1.4401;1.3707;9.1518;8903;03/27/21;13:46:32:972
1.4317;1.4305;9.1758;8923;03/27/21;13:46:32:992
1.4305;1.5131;9.1554;8943;03/27/21;13:46:33:012
1.5036;1.4808;9.2692;8963;03/27/21;13:46:33:032
1.5383;1.4928;9.4164;8983;03/27/21;13:46:33:052
1.506;1.482;9.5134;9003;03/27/21;13:46:33:072
1.4796;1.4605;9.6007;9023;03/27/21;13:46:33:092
1.494;1.1648;10.0197;9044;03/27/21;13:46:33:113
1.5227;1.1289;10.0987;9063;03/27/21;13:46:33:132
1.4629;1.2318;10.1514;9083;03/27/21;13:46:33:152
1.4437;1.8567;9.5433;9103;03/27/21;13:46:33:172
1.3372;2.0913;9.2751;9123;03/27/21;13:46:33:192
0.9541;1.9405;9.6606;9143;03/27/21;13:46:33:212
0.4142;-0.243;12.4498;9163;03/27/21;13:46:33:232
0.328;-1.3443;13.7906;9183;03/27/21;13:46:33:252
0.4908;-1.3994;13.4542;9204;03/27/21;13:46:33:273
0.9673;-0.595;10.5201;9223;03/27/21;13:46:33:292
1.1552;-0.346;9.5541;9243;03/27/21;13:46:33:312
0.9912;0.3053;8.6694;9263;03/27/21;13:46:33:332
0.7566;0.8056;8.3689;9283;03/27/21;13:46:33:352
0.3496;0.7518;9.4188;9303;03/27/21;13:46:33:372
0.1867;0.2131;10.5105;9324;03/27/21;13:46:33:393
0.1903;-0.1939;10.9642;9343;03/27/21;13:46:33:412
0.4465;-0.747;11.1259;9363;03/27/21;13:46:33:432
0.814;-0.322;9.9826;9384;03/27/21;13:46:33:453
1.0738;0.1305;8.9196;9403;03/27/21;13:46:33:472
1.1851;0.2382;8.4455;9423;03/27/21;13:46:33:492
1.148;0.2298;8.2959;9442;03/27/21;13:46:33:511
1.1337;0.267;8.4276;9463;03/27/21;13:46:33:532
0.9924;0.4908;8.5102;9483;03/27/21;13:46:33:552
0.9589;0.5519;8.7903;9504;03/27/21;13:46:33:573
0.8751;0.5004;9.0776;9524;03/27/21;13:46:33:593
0.8511;0.4549;9.2165;9543;03/27/21;13:46:33:612
0.8021;0.3424;9.6343;9565;03/27/21;13:46:33:634
0.7961;0.3615;9.6989;9582;03/27/21;13:46:33:651
0.8763;0.3891;9.7959;9603;03/27/21;13:46:33:672
0.905;0.4106;9.7707;9623;03/27/21;13:46:33:692
0.7925;0.5722;9.6319;9643;03/27/21;13:46:33:712
0.7087;0.662;9.6091;9663;03/27/21;13:46:33:732
0.4776;0.7745;9.6163;9683;03/27/21;13:46:33:752
0.3627;0.7554;9.6989;9702;03/27/21;13:46:33:771
0.3747;0.7039;9.7528;9723;03/27/21;13:46:33:792
0.407;0.5794;9.6426;9743;03/27/21;13:46:33:812
0.2897;0.559;9.4511;9763;03/27/21;13:46:33:832
0.2574;0.5291;9.4008;9783;03/27/21;13:46:33:852
0.2753;0.5052;9.3529;9803;03/27/21;13:46:33:872
0.3663;0.5052;9.3027;9823;03/27/21;13:46:33:892
0.5926;0.2921;9.7276;9844;03/27/21;13:46:33:913
0.5387;0.2837;9.8234;9862;03/27/21;13:46:33:931
0.6357;0.5459;9.7396;9883;03/27/21;13:46:33:952
0.8703;0.7877;9.6151;9903;03/27/21;13:46:33:972
1.0355;0.5902;9.9204;9923;03/27/21;13:46:33:992
1.2438;-0.2059;10.8278;9943;03/27/21;13:46:34:012
1.8112;-0.9649;10.89;9964;03/27/21;13:46:34:033
1.8364;-0.7183;10.5093;9983;03/27/21;13:46:34:052
1.749;-0.5375;9.9108;10003;03/27/21;13:46:34:072
1.6221;-0.4513;9.8474;10023;03/27/21;13:46:34:092
1.2761;-0.6524;10.2376;10043;03/27/21;13:46:34:112
0.923;-1.166;10.9846;10063;03/27/21;13:46:34:132
1.0846;-0.8715;10.2017;10083;03/27/21;13:46:34:152
1.4078;-0.3591;8.9902;10103;03/27/21;13:46:34:172
1.725;-0.2155;8.4707;10123;03/27/21;13:46:34:192
1.9501;-0.164;8.4946;10143;03/27/21;13:46:34:212
1.9309;-0.4752;9.5768;10163;03/27/21;13:46:34:232
1.9345;-0.5435;9.8893;10183;03/27/21;13:46:34:252
1.9405;-0.5219;9.93;10202;03/27/21;13:46:34:271
1.9824;-0.5112;9.815;10223;03/27/21;13:46:34:292
1.9082;-0.4729;9.7169;10243;03/27/21;13:46:34:312
1.5407;-0.1664;9.5948;10263;03/27/21;13:46:34:332
1.403;-0.0646;9.6043;10283;03/27/21;13:46:34:352
1.4186;0.0144;9.5732;10303;03/27/21;13:46:34:372
1.549;0.0563;9.572;10323;03/27/21;13:46:34:392
1.6664;0.1233;9.5732;10343;03/27/21;13:46:34:412
1.6771;0.2251;9.5397;10365;03/27/21;13:46:34:434
1.6664;0.2562;9.3745;10382;03/27/21;13:46:34:451
1.6029;0.3424;9.4774;10403;03/27/21;13:46:34:472
1.5826;0.3735;9.6259;10423;03/27/21;13:46:34:492
1.5766;0.3855;9.7576;10443;03/27/21;13:46:34:512
1.4521;0.395;9.8138;10464;03/27/21;13:46:34:533
1.4293;0.5004;9.6139;10483;03/27/21;13:46:34:552
1.3755;0.6321;9.4355;10503;03/27/21;13:46:34:572
1.3862;0.7302;9.3625;10523;03/27/21;13:46:34:592
1.2821;0.7937;9.347;10543;03/27/21;13:46:34:612
1.1851;0.8619;9.3685;10564;03/27/21;13:46:34:633
1.0906;0.9002;9.5636;10583;03/27/21;13:46:34:652
1.0798;0.9685;9.6534;10603;03/27/21;13:46:34:672
1.0175;0.8906;9.9707;10623;03/27/21;13:46:34:692
1.0044;1.0977;9.9012;10643;03/27/21;13:46:34:712
0.9876;1.5071;9.3853;10663;03/27/21;13:46:34:732
0.3783;1.2869;10.2484;10683;03/27/21;13:46:34:752
-0.0204;0.3855;11.3162;10703;03/27/21;13:46:34:772
0.164;0.1269;11.0672;10722;03/27/21;13:46:34:791
0.2837;0.2861;10.5393;10743;03/27/21;13:46:34:812
0.4429;0.4345;9.566;10763;03/27/21;13:46:34:832
0.2454;0.2921;10.1442;10783;03/27/21;13:46:34:852
0.0706;0.1245;10.3825;10803;03/27/21;13:46:34:872
-0.018;0.164;10.2197;10823;03/27/21;13:46:34:892
-0.2406;0.5543;9.5385;10843;03/27/21;13:46:34:912
-0.4441;1.087;8.7364;10864;03/27/21;13:46:34:933
-0.6081;1.4545;8.333;10883;03/27/21;13:46:34:952
-0.662;0.9505;9.0621;10903;03/27/21;13:46:34:972
-0.7123;0.3603;9.9252;10923;03/27/21;13:46:34:992
-0.6812;-0.0455;10.6362;10943;03/27/21;13:46:35:012
-0.5171;-0.0192;10.4375;10963;03/27/21;13:46:35:032
-0.3244;0.4298;9.4355;10984;03/27/21;13:46:35:053
-0.1065;0.7877;8.5509;11012;03/27/21;13:46:35:081
-0.1065;0.7877;8.5509;11023;03/27/21;13:46:35:092
-0.0024;0.9349;8.2815;11043;03/27/21;13:46:35:112
-0.1077;1.1935;8.8717;11063;03/27/21;13:46:35:132
-0.1077;1.1935;8.8717;11083;03/27/21;13:46:35:152
-0.146;1.324;9.1135;11103;03/27/21;13:46:35:172
-0.1101;1.3647;9.402;11123;03/27/21;13:46:35:192
-0.1257;1.3443;9.6438;11143;03/27/21;13:46:35:212
-0.2837;1.3599;9.8258;11163;03/27/21;13:46:35:232
-0.4381;1.3815;9.8797;11183;03/27/21;13:46:35:252
-0.5004;1.555;9.5828;11203;03/27/21;13:46:35:272
-0.4956;1.6676;9.3685;11223;03/27/21;13:46:35:292
-0.5279;1.7609;9.1854;11243;03/27/21;13:46:35:312
-0.4717;1.7945;9.0992;11263;03/27/21;13:46:35:332
-0.5866;1.7705;9.329;11283;03/27/21;13:46:35:352
-0.6476;1.7645;9.4499;11303;03/27/21;13:46:35:372
-0.7219;1.7813;9.5612;11322;03/27/21;13:46:35:391
-0.7649;1.7717;9.6558;11343;03/27/21;13:46:35:412
-0.7147;1.7777;9.6726;11363;03/27/21;13:46:35:432
-0.6512;1.7873;9.6007;11383;03/27/21;13:46:35:452
-0.6153;1.725;9.669;11403;03/27/21;13:46:35:472
-0.583;1.6137;9.9132;11422;03/27/21;13:46:35:491
-0.5531;1.549;10.1059;11444;03/27/21;13:46:35:513
-0.4477;1.5694;10.161;11463;03/27/21;13:46:35:532
0.1185;2.1751;9.6139;11482;03/27/21;13:46:35:551
0.4764;2.083;9.9311;11503;03/27/21;13:46:35:572
0.7075;1.336;10.7093;11523;03/27/21;13:46:35:592
0.5962;0.6416;11.6322;11543;03/27/21;13:46:35:612
0.0802;-0.5734;13.2124;11563;03/27/21;13:46:35:632
0.0455;-0.1664;12.3828;11583;03/27/21;13:46:35:652
0.1556;0.3388;10.5908;11603;03/27/21;13:46:35:672
0.6033;0.6644;9.0046;11623;03/27/21;13:46:35:692
0.7985;0.7745;8.4719;11643;03/27/21;13:46:35:712
1.1492;1.0451;7.6734;11663;03/27/21;13:46:35:732
1.2857;1.5886;7.2042;11683;03/27/21;13:46:35:752
1.5814;1.9357;7.1407;11703;03/27/21;13:46:35:772
1.8148;1.6712;7.4532;11723;03/27/21;13:46:35:792
1.3384;1.166;8.8753;11743;03/27/21;13:46:35:812
0.9301;0.3172;10.3705;11764;03/27/21;13:46:35:833
0.4681;-0.0215;11.0636;11783;03/27/21;13:46:35:852
0.4441;0.3735;10.2268;11803;03/27/21;13:46:35:872
0.5626;0.8128;9.013;11823;03/27/21;13:46:35:892
0.6967;1.1313;8.2504;11843;03/27/21;13:46:35:912
0.7757;1.2665;8.0038;11863;03/27/21;13:46:35:932
0.814;1.3779;8.4228;11882;03/27/21;13:46:35:951
0.8607;1.3719;8.9112;11904;03/27/21;13:46:35:973
0.8607;1.3719;8.9112;11923;03/27/21;13:46:35:992
0.8847;1.421;9.402;11943;03/27/21;13:46:36:012
0.8751;1.494;9.4272;11963;03/27/21;13:46:36:032
0.7374;1.6388;9.499;11983;03/27/21;13:46:36:052
0.7087;1.7633;9.4391;12004;03/27/21;13:46:36:073
0.6979;1.816;9.4355;12023;03/27/21;13:46:36:092
0.8176;1.9537;9.3733;12044;03/27/21;13:46:36:113
0.8224;1.9992;9.323;12064;03/27/21;13:46:36:133
0.8392;1.9668;9.3529;12083;03/27/21;13:46:36:152
0.8368;1.9082;9.5289;12103;03/27/21;13:46:36:172
0.8487;1.8328;9.6905;12123;03/27/21;13:46:36:192
0.8416;1.731;9.9994;12143;03/27/21;13:46:36:212
0.9194;1.5969;10.1993;12163;03/27/21;13:46:36:232
0.8811;1.731;10.3441;12183;03/27/21;13:46:36:252
0.972;2.32;9.4631;12203;03/27/21;13:46:36:272
0.3783;2.3272;9.7217;12224;03/27/21;13:46:36:293
0.0575;1.9824;10.3106;12243;03/27/21;13:46:36:312
-0.5327;0.8799;11.9411;12263;03/27/21;13:46:36:332
-0.2849;0.0563;12.8257;12283;03/27/21;13:46:36:352
0.2011;-0.1437;12.226;12303;03/27/21;13:46:36:372
0.3867;0.3519;11.1103;12323;03/27/21;13:46:36:392
0.5028;0.4609;10.2627;12343;03/27/21;13:46:36:412
0.3926;0.3615;9.8533;12363;03/27/21;13:46:36:432
0.2897;0.6764;9.0214;12383;03/27/21;13:46:36:452
-0.1772;1.4509;7.6351;12403;03/27/21;13:46:36:472
-0.2849;1.646;7.4651;12423;03/27/21;13:46:36:492
-0.5124;1.5622;8.0744;12443;03/27/21;13:46:36:512
-0.7661;0.844;9.3518;12463;03/27/21;13:46:36:532
-0.7721;-0.0084;10.6147;12483;03/27/21;13:46:36:552
-0.5255;-0.3244;11.0241;12502;03/27/21;13:46:36:571
-0.249;0.0575;10.1873;12523;03/27/21;13:46:36:592
0.2346;0.6045;8.8765;12543;03/27/21;13:46:36:612
0.1508;0.8619;8.0804;12563;03/27/21;13:46:36:632
0.2358;0.9589;7.829;12583;03/27/21;13:46:36:652
0.0718;1.3312;8.2468;12604;03/27/21;13:46:36:673
0.0718;1.3312;8.2468;12623;03/27/21;13:46:36:692
0.0275;1.5083;8.5581;12643;03/27/21;13:46:36:712
-0.0479;1.494;8.9471;12664;03/27/21;13:46:36:733
-0.073;1.3623;9.6055;12683;03/27/21;13:46:36:752
-0.0718;1.3312;9.7061;12703;03/27/21;13:46:36:772
-0.0718;1.3312;9.7145;12723;03/27/21;13:46:36:792
0.0251;1.4497;9.5014;12742;03/27/21;13:46:36:811
0.0994;1.5359;8.9759;12763;03/27/21;13:46:36:832
0.158;1.7142;8.9352;12784;03/27/21;13:46:36:853
0.1317;1.7262;8.9495;12804;03/27/21;13:46:36:873
0.0718;1.7753;8.9639;12823;03/27/21;13:46:36:892
0.103;1.7957;9.0633;12843;03/27/21;13:46:36:912
0.0431;1.749;9.4403;12863;03/27/21;13:46:36:932
-0.164;1.5215;10.2041;12883;03/27/21;13:46:36:952
-0.2406;1.4461;10.5824;12905;03/27/21;13:46:36:974
-0.2346;1.5598;10.6494;12923;03/27/21;13:46:36:992
-0.1006;2.065;10.422;12943;03/27/21;13:46:37:012
0.1389;2.3248;10.1957;12963;03/27/21;13:46:37:032
0.4369;2.1452;10.5082;12983;03/27/21;13:46:37:052
0.8021;0.2035;12.6917;13003;03/27/21;13:46:37:072
0.7147;-0.7159;13.4901;13023;03/27/21;13:46:37:092
0.5866;-0.7865;13.2711;13044;03/27/21;13:46:37:113
0.4238;-0.3388;11.6909;13064;03/27/21;13:46:37:133
0.3915;-0.1221;10.9247;13083;03/27/21;13:46:37:152
0.5447;0.6895;8.521;13103;03/27/21;13:46:37:172
0.9445;1.2462;7.5549;13123;03/27/21;13:46:37:192
1.1277;1.4784;7.3777;13143;03/27/21;13:46:37:212
1.2665;1.5909;7.9296;13163;03/27/21;13:46:37:232
1.2558;0.6548;9.5936;13183;03/27/21;13:46:37:252
1.1576;0.2346;10.2951;13203;03/27/21;13:46:37:272
1.0846;-0.0682;10.7117;13223;03/27/21;13:46:37:292
0.8906;0.2203;10.4363;13243;03/27/21;13:46:37:312
0.9517;0.4537;8.8705;13263;03/27/21;13:46:37:332
0.8164;0.7171;8.3294;13283;03/27/21;13:46:37:352
0.8092;0.923;8.2037;13303;03/27/21;13:46:37:372
0.6823;1.0163;8.5425;13323;03/27/21;13:46:37:392
0.5997;1.1408;8.7041;13343;03/27/21;13:46:37:412
0.7554;1.2198;8.9818;13364;03/27/21;13:46:37:433
0.8859;1.1468;9.1375;13383;03/27/21;13:46:37:452
1.0391;1.1241;9.0848;13403;03/27/21;13:46:37:472
0.9242;1.5215;9.2632;13424;03/27/21;13:46:37:493
0.7494;1.2905;9.3518;13443;03/27/21;13:46:37:512
0.6668;1.4473;9.3218;13462;03/27/21;13:46:37:531
0.7554;1.5479;9.1638;13483;03/27/21;13:46:37:552
0.68;1.6197;9.1506;13504;03/27/21;13:46:37:573
0.6991;1.7801;9.0225;13524;03/27/21;13:46:37:593
0.7099;1.8076;9.1075;13543;03/27/21;13:46:37:612
0.668;1.7957;9.1638;13563;03/27/21;13:46:37:632
0.6488;1.7514;9.3158;13583;03/27/21;13:46:37:652
0.6955;1.561;9.8414;13603;03/27/21;13:46:37:672
0.8356;1.4712;10.088;13623;03/27/21;13:46:37:692
0.8835;1.4497;10.2376;13643;03/27/21;13:46:37:712
0.923;2.3188;9.6331;13663;03/27/21;13:46:37:732
0.1556;2.1249;10.1263;13683;03/27/21;13:46:37:752
-0.4537;1.166;11.3916;13703;03/27/21;13:46:37:772
-0.6009;0.4369;12.4271;13723;03/27/21;13:46:37:792
-0.4525;-0.5638;13.4303;13744;03/27/21;13:46:37:813
-0.103;-0.425;12.311;13763;03/27/21;13:46:37:832
0.3065;0.1377;10.4579;13783;03/27/21;13:46:37:852
0.261;0.4106;9.572;13803;03/27/21;13:46:37:872
0.2442;0.8966;8.3462;13823;03/27/21;13:46:37:892
-0.0443;1.0475;7.9116;13843;03/27/21;13:46:37:912
-0.3412;1.3372;7.6674;13863;03/27/21;13:46:37:932
-0.5112;1.336;8.3749;13882;03/27/21;13:46:37:951
-0.2909;0.7458;9.3422;13903;03/27/21;13:46:37:972
-0.4094;-0.0646;10.6303;13923;03/27/21;13:46:37:992
-0.1975;-0.261;10.5297;13944;03/27/21;13:46:38:013
0.1975;0.2729;9.2332;13963;03/27/21;13:46:38:032
0.4106;0.6009;8.2899;13984;03/27/21;13:46:38:053
0.31;0.7554;8.1319;14003;03/27/21;13:46:38:072
0.0299;0.8296;8.4288;14023;03/27/21;13:46:38:092
-0.0778;0.8775;8.5856;14043;03/27/21;13:46:38:112
-0.1844;0.9541;8.8155;14063;03/27/21;13:46:38:132
-0.2646;1.1169;9.0154;14084;03/27/21;13:46:38:153
-0.2011;1.0977;9.1997;14103;03/27/21;13:46:38:172
-0.1939;1.069;9.5134;14124;03/27/21;13:46:38:193
-0.1101;1.1492;9.6163;14143;03/27/21;13:46:38:212
-0.0036;1.2857;9.4583;14163;03/27/21;13:46:38:232
0.1293;1.3898;9.2548;14184;03/27/21;13:46:38:253
0.1448;1.4808;9.1063;14203;03/27/21;13:46:38:272
0.1353;1.5107;9.0788;14224;03/27/21;13:46:38:293
0.1353;1.5622;9.0668;14243;03/27/21;13:46:38:312
0.1317;1.6065;9.3805;14263;03/27/21;13:46:38:332
0.0802;1.3491;9.8797;14283;03/27/21;13:46:38:352
0.0706;0.9673;10.5201;14303;03/27/21;13:46:38:372
0.1053;0.8464;10.8254;14323;03/27/21;13:46:38:392
0.1149;1.2031;10.6374;14343;03/27/21;13:46:38:412
0.5459;2.0135;9.5708;14363;03/27/21;13:46:38:432
1.0606;1.7873;9.6391;14383;03/27/21;13:46:38:452
0.8847;0.51;11.0325;14403;03/27/21;13:46:38:472
0.0204;-1.1684;13.7116;14423;03/27/21;13:46:38:492
-0.3376;-1.5969;14.376;14443;03/27/21;13:46:38:512
-0.0455;-0.6153;12.1649;14464;03/27/21;13:46:38:533
0.8835;0.4154;8.837;14484;03/27/21;13:46:38:553
1.257;0.7841;7.9021;14502;03/27/21;13:46:38:571
1.5167;0.9565;7.8039;14523;03/27/21;13:46:38:592
1.8411;1.2617;7.9033;14544;03/27/21;13:46:38:613
1.9237;1.136;8.3737;14564;03/27/21;13:46:38:633
1.9884;0.5914;8.9304;14584;03/27/21;13:46:38:653
1.5933;-0.0168;10.0197;14603;03/27/21;13:46:38:672
1.1887;-0.328;10.726;14622;03/27/21;13:46:38:691
1.0403;-0.2646;10.6686;14643;03/27/21;13:46:38:712
0.9278;0.1077;9.7899;14662;03/27/21;13:46:38:731
0.8655;0.6189;8.5473;14683;03/27/21;13:46:38:752
0.8727;0.7841;8.2349;14703;03/27/21;13:46:38:772
0.808;0.826;8.4922;14723;03/27/21;13:46:38:792
0.7901;0.8236;8.8562;14743;03/27/21;13:46:38:812
0.893;0.7721;9.2476;14763;03/27/21;13:46:38:832
0.8978;0.7841;9.5445;14783;03/27/21;13:46:38:852
0.8128;0.7542;9.6977;14803;03/27/21;13:46:38:872
0.7661;0.814;9.6606;14825;03/27/21;13:46:38:894
0.7482;1.154;9.2775;14845;03/27/21;13:46:38:914
0.7733;1.2342;9.1794;14863;03/27/21;13:46:38:932
0.7338;1.3862;9.1842;14884;03/27/21;13:46:38:953
0.6692;1.4329;9.2069;14903;03/27/21;13:46:38:972
0.6249;1.4473;9.2692;14923;03/27/21;13:46:38:992
0.6536;1.4748;9.2943;14943;03/27/21;13:46:39:012
0.6955;1.5024;9.4284;14963;03/27/21;13:46:39:032
0.832;1.4653;9.5146;14983;03/27/21;13:46:39:052
0.9397;1.3479;9.8102;15002;03/27/21;13:46:39:071
1.0654;1.1684;10.2735;15023;03/27/21;13:46:39:092
1.069;1.1492;10.7093;15043;03/27/21;13:46:39:112
1.1839;1.7226;10.319;15063;03/27/21;13:46:39:132
0.4944;1.6448;10.2831;15083;03/27/21;13:46:39:152
-0.0862;0.419;11.8681;15103;03/27/21;13:46:39:172
-0.2107;-0.3077;12.8569;15123;03/27/21;13:46:39:192
0.1006;-0.9242;13.4937;15143;03/27/21;13:46:39:212
0.4573;-0.3867;11.1139;15163;03/27/21;13:46:39:232
0.5626;0.0934;9.335;15183;03/27/21;13:46:39:252
0.3388;0.4764;8.4563;15203;03/27/21;13:46:39:272
0.2705;0.7458;8.0709;15222;03/27/21;13:46:39:291
0.0599;1.257;7.4915;15243;03/27/21;13:46:39:312
-0.3292;1.5071;8.114;15263;03/27/21;13:46:39:332
-0.328;1.0187;9.0824;15283;03/27/21;13:46:39:352
-0.1448;0.2047;10.0724;15303;03/27/21;13:46:39:372
-0.1065;-0.146;10.6315;15323;03/27/21;13:46:39:392
-0.0204;-0.3508;11.1115;15343;03/27/21;13:46:39:412
0.3424;0.346;9.5289;15363;03/27/21;13:46:39:432
0.4561;0.7326;8.5353;15383;03/27/21;13:46:39:452
0.4609;0.9254;8.0816;15403;03/27/21;13:46:39:472
0.3292;0.9565;8.1247;15423;03/27/21;13:46:39:492
0.1197;0.9002;8.3989;15444;03/27/21;13:46:39:513
-0.0275;0.9014;8.8274;15463;03/27/21;13:46:39:532
-0.1221;1.002;8.995;15482;03/27/21;13:46:39:551
-0.1484;1.1576;8.9615;15504;03/27/21;13:46:39:573
-0.1197;1.2522;9.0058;15523;03/27/21;13:46:39:592
-0.0263;1.3312;8.9986;15543;03/27/21;13:46:39:612
-0.0491;1.3551;9.487;15563;03/27/21;13:46:39:632
0.0802;1.3827;9.5265;15583;03/27/21;13:46:39:652
0.1425;1.4569;9.4284;15604;03/27/21;13:46:39:673
0.2634;1.549;9.1686;15623;03/27/21;13:46:39:692
0.3017;1.5658;9.0776;15644;03/27/21;13:46:39:713
0.3065;1.6281;9.2584;15662;03/27/21;13:46:39:731
0.1927;1.5658;9.6043;15686;03/27/21;13:46:39:755
0.1006;1.4928;9.8689;15703;03/27/21;13:46:39:772
0.1281;1.4617;9.8581;15722;03/27/21;13:46:39:791
0.1676;1.4102;9.9826;15743;03/27/21;13:46:39:812
0.1472;1.7573;9.809;15763;03/27/21;13:46:39:832
0.5064;2.2218;9.7887;15783;03/27/21;13:46:39:852
0.674;1.3647;10.5572;15803;03/27/21;13:46:39:872
0.7901;0.6452;11.1654;15823;03/27/21;13:46:39:892
0.2825;-0.4058;12.9131;15843;03/27/21;13:46:39:912
0.3316;-0.2981;11.8142;15863;03/27/21;13:46:39:932
0.2969;0.31;10.2891;15882;03/27/21;13:46:39:951
0.4118;0.5758;9.3577;15904;03/27/21;13:46:39:973
0.6237;0.7793;8.7269;15923;03/27/21;13:46:39:992
0.7913;0.9325;8.5485;15943;03/27/21;13:46:40:012
0.8906;1.2989;8.5688;15962;03/27/21;13:46:40:031
1.4784;1.4066;8.57;15983;03/27/21;13:46:40:052
1.664;0.6632;9.7995;16004;03/27/21;13:46:40:073
1.664;0.6632;9.7995;16023;03/27/21;13:46:40:092
1.3372;-0.1089;11.1378;16043;03/27/21;13:46:40:112
1.1504;-0.3053;11.3725;16063;03/27/21;13:46:40:132
1.0475;0.176;9.6905;16084;03/27/21;13:46:40:153
0.9816;0.5626;8.7915;16103;03/27/21;13:46:40:172
1.0139;0.8667;8.1523;16123;03/27/21;13:46:40:192
0.9673;0.9469;8.1343;16143;03/27/21;13:46:40:212
0.8835;1.1145;8.57;16163;03/27/21;13:46:40:232
1.0044;1.0558;9.0094;16184;03/27/21;13:46:40:253
1.1229;1.0163;9.4044;16203;03/27/21;13:46:40:272
1.1061;0.9972;9.5852;16223;03/27/21;13:46:40:292
1.0989;1.0463;9.6223;16243;03/27/21;13:46:40:312
0.8859;1.1935;9.4655;16264;03/27/21;13:46:40:333
0.8894;1.2079;9.42;16283;03/27/21;13:46:40:352
0.8751;1.3539;9.2033;16303;03/27/21;13:46:40:372
0.8607;1.4365;9.104;16323;03/27/21;13:46:40:392
0.8775;1.4892;8.9866;16342;03/27/21;13:46:40:411
0.7961;1.5191;9.0824;16362;03/27/21;13:46:40:431
0.8212;1.4629;9.2057;16383;03/27/21;13:46:40:452
0.7733;1.4078;9.5421;16403;03/27/21;13:46:40:472
0.899;1.3982;9.5361;16423;03/27/21;13:46:40:492
0.8918;1.4365;9.6235;16443;03/27/21;13:46:40:512
0.984;1.4078;9.5948;16463;03/27/21;13:46:40:532
1.0116;1.4389;9.5505;16482;03/27/21;13:46:40:551
0.9924;1.7526;9.2177;16503;03/27/21;13:46:40:572
0.9266;1.7154;9.2165;16523;03/27/21;13:46:40:592
0.5567;1.0798;10.076;16543;03/27/21;13:46:40:612
0.085;0.1628;11.0289;16563;03/27/21;13:46:40:632
0.097;0.1879;10.726;16583;03/27/21;13:46:40:652
0.1161;0.2406;10.1885;16603;03/27/21;13:46:40:672
0.2466;0.2658;9.6259;16625;03/27/21;13:46:40:694
0.1915;0.2286;9.5325;16643;03/27/21;13:46:40:712
-0.0563;0.1724;9.8976;16662;03/27/21;13:46:40:731
-0.2023;0.2777;10.0329;16683;03/27/21;13:46:40:752
-0.4549;0.6428;9.4703;16703;03/27/21;13:46:40:772
-0.5255;0.5902;9.5193;16723;03/27/21;13:46:40:792
-0.5136;0.3627;9.8916;16743;03/27/21;13:46:40:812
-0.4453;0.2298;10.1131;16763;03/27/21;13:46:40:832
-0.1041;0.0766;10.3669;16783;03/27/21;13:46:40:852
0.0754;0.2849;9.8725;16804;03/27/21;13:46:40:873
0.1377;0.5339;9.3518;16823;03/27/21;13:46:40:892
0.0551;0.5842;9.2991;16843;03/27/21;13:46:40:912
-0.1484;0.583;9.2859;16863;03/27/21;13:46:40:932
-0.2179;0.5447;9.4906;16883;03/27/21;13:46:40:952
-0.2658;0.6081;9.6067;16903;03/27/21;13:46:40:972
-0.2909;0.7135;9.4822;16923;03/27/21;13:46:40:992
-0.2969;0.7278;9.4272;16943;03/27/21;13:46:41:012
-0.164;0.7159;9.2608;16963;03/27/21;13:46:41:032
-0.0395;0.6428;9.2967;16983;03/27/21;13:46:41:052
0.1006;0.5219;9.4152;17003;03/27/21;13:46:41:072
0.1245;0.5028;9.4104;17023;03/27/21;13:46:41:092
0.0958;0.5626;9.341;17043;03/27/21;13:46:41:112
0.0299;0.6883;9.232;17063;03/27/21;13:46:41:132
-0.0527;0.6955;9.4822;17083;03/27/21;13:46:41:152
-0.0826;0.6009;9.8438;17103;03/27/21;13:46:41:172
-0.0658;0.5842;9.9048;17124;03/27/21;13:46:41:193
-0.0575;0.6967;9.8222;17143;03/27/21;13:46:41:212
0.0108;0.8811;9.6833;17163;03/27/21;13:46:41:232
0.2143;0.832;9.9084;17184;03/27/21;13:46:41:253
0.1987;0.6129;10.5022;17203;03/27/21;13:46:41:272
0.255;0.7123;10.4028;17223;03/27/21;13:46:41:292
0.2646;0.8296;10.1406;17243;03/27/21;13:46:41:312
0.2777;1.0534;9.5864;17263;03/27/21;13:46:41:332
0.3041;1.0834;9.3338;17283;03/27/21;13:46:41:352
0.2837;0.9768;9.3422;17303;03/27/21;13:46:41:372
0.3567;1.0331;9.5158;17324;03/27/21;13:46:41:393
0.5207;1.0163;9.5624;17344;03/27/21;13:46:41:413
0.8248;0.9924;9.1662;17364;03/27/21;13:46:41:433
0.8056;0.984;9.0525;17382;03/27/21;13:46:41:451
0.6081;0.9541;9.2308;17403;03/27/21;13:46:41:472
0.5567;0.9038;9.3314;17423;03/27/21;13:46:41:492
0.5303;0.8511;9.3733;17443;03/27/21;13:46:41:512
0.6177;0.8751;9.2596;17464;03/27/21;13:46:41:533
0.7254;0.9062;8.9974;17482;03/27/21;13:46:41:551
0.741;0.8499;8.6718;17503;03/27/21;13:46:41:572
0.7051;0.9685;8.5269;17523;03/27/21;13:46:41:592
0.644;0.8787;8.5234;17543;03/27/21;13:46:41:612
0.4393;0.7518;8.746;17564;03/27/21;13:46:41:633
0.4238;0.6632;8.7053;17584;03/27/21;13:46:41:653
0.4573;0.7278;8.4647;17603;03/27/21;13:46:41:672
0.4836;0.735;8.3594;17623;03/27/21;13:46:41:692
0.4752;0.7123;8.3618;17643;03/27/21;13:46:41:712
0.4441;0.7386;8.3103;17663;03/27/21;13:46:41:732
0.4405;0.8811;8.1175;17684;03/27/21;13:46:41:753
0.4932;0.8368;8.0505;17704;03/27/21;13:46:41:773
0.3603;0.8571;8.2432;17724;03/27/21;13:46:41:793
0.395;0.8248;8.3414;17743;03/27/21;13:46:41:812
0.4489;0.8763;8.3773;17763;03/27/21;13:46:41:832
0.8523;0.9445;8.157;17783;03/27/21;13:46:41:852
0.6381;0.9804;8.2564;17803;03/27/21;13:46:41:872
0.6189;0.9301;8.4048;17824;03/27/21;13:46:41:893
0.5938;0.6237;8.5138;17844;03/27/21;13:46:41:913
0.5363;0.9206;8.7951;17863;03/27/21;13:46:41:932
0.4968;0.8978;8.8035;17883;03/27/21;13:46:41:952
0.4669;0.8894;9.1506;17904;03/27/21;13:46:41:973
0.5171;0.8811;9.0249;17924;03/27/21;13:46:41:993
0.5004;0.9433;9.4355;17943;03/27/21;13:46:42:012
0.4621;0.9505;9.4487;17963;03/27/21;13:46:42:032
0.5495;0.9457;9.7899;17983;03/27/21;13:46:42:052
0.6213;0.9697;9.9467;18003;03/27/21;13:46:42:072
0.6165;0.9924;10.2208;18024;03/27/21;13:46:42:093
0.6093;0.9397;10.343;18044;03/27/21;13:46:42:113
0.6009;0.8296;10.483;18063;03/27/21;13:46:42:132
0.583;0.8751;10.5129;18084;03/27/21;13:46:42:153
0.4693;0.8739;10.5321;18103;03/27/21;13:46:42:172
0.3938;0.905;10.641;18123;03/27/21;13:46:42:192
0.3484;0.8104;10.6997;18144;03/27/21;13:46:42:213
0.3687;0.8404;10.5417;18164;03/27/21;13:46:42:233
0.3867;0.8128;10.5046;18183;03/27/21;13:46:42:252
0.3591;0.832;10.5405;18203;03/27/21;13:46:42:272
0.2921;0.7626;10.6315;18223;03/27/21;13:46:42:292
0.2897;0.747;10.7715;18243;03/27/21;13:46:42:312
0.237;0.7482;10.9032;18264;03/27/21;13:46:42:333
0.1089;0.6907;11.4203;18283;03/27/21;13:46:42:352
0.085;0.6428;11.5209;18303;03/27/21;13:46:42:372
0.0934;0.5818;11.6657;18323;03/27/21;13:46:42:392
0.1604;0.5567;11.7519;18343;03/27/21;13:46:42:412
0.1844;0.5686;11.7615;18363;03/27/21;13:46:42:432
0.267;0.5926;11.825;18383;03/27/21;13:46:42:452
0.3232;0.6069;12.056;18403;03/27/21;13:46:42:472
0.3376;0.6728;12.1661;18423;03/27/21;13:46:42:492
0.3699;0.6823;12.2068;18443;03/27/21;13:46:42:512
0.4824;0.6548;12.2583;18463;03/27/21;13:46:42:532
0.5423;0.6668;12.2248;18483;03/27/21;13:46:42:552
0.4334;0.6668;12.317;18502;03/27/21;13:46:42:571
0.4214;0.6776;12.3122;18523;03/27/21;13:46:42:592
0.3926;0.6979;12.3505;18543;03/27/21;13:46:42:612
0.3651;0.7446;12.293;18563;03/27/21;13:46:42:632
0.3472;0.747;11.9938;18583;03/27/21;13:46:42:652
0.4046;0.7003;11.7268;18602;03/27/21;13:46:42:671
0.3938;0.6955;11.5652;18623;03/27/21;13:46:42:692
0.4274;0.7757;11.3689;18643;03/27/21;13:46:42:712
0.4226;0.7649;11.3186;18663;03/27/21;13:46:42:732
0.3531;0.7458;11.2372;18684;03/27/21;13:46:42:753
0.4489;0.7889;11.0684;18703;03/27/21;13:46:42:772
0.4142;0.7757;11.1211;18724;03/27/21;13:46:42:793
0.5219;0.8368;10.835;18743;03/27/21;13:46:42:812
0.6069;0.8799;10.4842;18763;03/27/21;13:46:42:832
0.6069;0.9134;10.3956;18783;03/27/21;13:46:42:852
0.5734;0.9086;10.2711;18804;03/27/21;13:46:42:873
0.5555;0.8547;10.0545;18824;03/27/21;13:46:42:893
0.5171;0.8416;9.9443;18843;03/27/21;13:46:42:912
0.5914;0.8775;9.5529;18864;03/27/21;13:46:42:933
0.5974;0.8523;9.0285;18882;03/27/21;13:46:42:951
0.5435;0.8368;8.7305;18903;03/27/21;13:46:42:972
0.5231;0.8966;8.3761;18924;03/27/21;13:46:42:993
0.5267;0.905;8.2684;18943;03/27/21;13:46:43:012
0.5662;0.8045;8.2337;18963;03/27/21;13:46:43:032
0.5806;0.759;8.2337;18983;03/27/21;13:46:43:052
0.5818;0.7147;8.0337;19003;03/27/21;13:46:43:072
0.583;0.7829;7.7057;19023;03/27/21;13:46:43:092
0.65;0.8368;7.2269;19043;03/27/21;13:46:43:112
0.65;0.8368;7.2269;19063;03/27/21;13:46:43:132
0.5794;0.6512;7.8733;19083;03/27/21;13:46:43:152
0.571;0.7446;8.0685;19103;03/27/21;13:46:43:172
0.6045;0.893;7.6914;19123;03/27/21;13:46:43:192
0.7733;0.9864;7.3358;19143;03/27/21;13:46:43:212
0.8739;1.1145;6.9552;19163;03/27/21;13:46:43:232
0.7302;1.0283;7.5585;19184;03/27/21;13:46:43:253
0.3352;1.2905;8.3282;19203;03/27/21;13:46:43:272
0.6045;1.4305;8.3701;19224;03/27/21;13:46:43:293
0.7147;1.488;8.3234;19243;03/27/21;13:46:43:312
0.6871;1.3396;9.1016;19264;03/27/21;13:46:43:333
0.6129;1.2749;9.335;19282;03/27/21;13:46:43:351
0.5519;1.2258;9.8019;19303;03/27/21;13:46:43:372
0.6105;1.2797;9.5589;19323;03/27/21;13:46:43:392
0.8332;1.4234;9.3039;19343;03/27/21;13:46:43:412
0.8535;1.6017;8.9603;19363;03/27/21;13:46:43:432
0.6907;1.834;8.6658;19383;03/27/21;13:46:43:452
0.6907;1.834;8.6658;19403;03/27/21;13:46:43:472
0.5578;1.7813;9.0764;19424;03/27/21;13:46:43:493
0.595;1.7669;9.1961;19443;03/27/21;13:46:43:512
0.6009;1.7945;9.2979;19463;03/27/21;13:46:43:532
0.5974;1.7645;9.3529;19483;03/27/21;13:46:43:552
0.6153;1.7514;9.3278;19503;03/27/21;13:46:43:572
0.6129;1.7633;9.4224;19522;03/27/21;13:46:43:591
0.6596;1.7777;9.4032;19543;03/27/21;13:46:43:612
0.7266;1.7406;9.3889;19564;03/27/21;13:46:43:633
0.7745;1.7705;9.256;19583;03/27/21;13:46:43:652
0.7817;1.7681;9.1901;19603;03/27/21;13:46:43:672
0.7602;1.7286;9.1099;19624;03/27/21;13:46:43:693
0.747;1.725;9.1028;19644;03/27/21;13:46:43:713
0.6512;1.6604;9.1231;19663;03/27/21;13:46:43:732
0.571;1.5646;9.1147;19683;03/27/21;13:46:43:752
0.4896;1.6017;8.9148;19703;03/27/21;13:46:43:772
0.4729;1.5227;8.6239;19723;03/27/21;13:46:43:792
0.5423;1.4593;8.4096;19743;03/27/21;13:46:43:812
0.5231;1.3755;8.1151;19763;03/27/21;13:46:43:832
0.51;1.0534;7.7333;19783;03/27/21;13:46:43:852
0.5878;1.0331;7.1491;19803;03/27/21;13:46:43:872
0.6201;1.0044;6.8534;19823;03/27/21;13:46:43:892
0.7338;0.838;6.4153;19843;03/27/21;13:46:43:912
0.8523;0.741;6.128;19863;03/27/21;13:46:43:932
0.7973;0.9062;5.9867;19883;03/27/21;13:46:43:952
0.82;1.0774;5.9233;19903;03/27/21;13:46:43:972
0.7578;1.1073;6.3961;19923;03/27/21;13:46:43:992
0.6536;1.1025;6.7109;19944;03/27/21;13:46:44:013
0.4752;1.2438;7.0054;19963;03/27/21;13:46:44:032
0.4453;1.6101;7.3909;19983;03/27/21;13:46:44:052
0.3783;1.5251;8.1882;20003;03/27/21;13:46:44:072
0.3376;1.3216;8.8645;20024;03/27/21;13:46:44:093
0.4489;1.3012;8.9747;20043;03/27/21;13:46:44:112
0.5794;1.4269;9.0884;20064;03/27/21;13:46:44:133
0.6393;1.5586;9.4774;20083;03/27/21;13:46:44:152
0.5997;1.4269;9.9228;20103;03/27/21;13:46:44:172
0.407;1.2893;10.574;20123;03/27/21;13:46:44:192
0.3807;1.2354;10.8409;20143;03/27/21;13:46:44:212
0.4094;1.1648;11.1749;20163;03/27/21;13:46:44:232
0.5231;1.3132;11.078;20183;03/27/21;13:46:44:252
0.6249;1.3264;10.9619;20203;03/27/21;13:46:44:272
0.6177;1.2965;10.9487;20223;03/27/21;13:46:44:292
0.68;1.3683;11.0145;20243;03/27/21;13:46:44:312
0.6476;1.4138;11.1438;20263;03/27/21;13:46:44:332
0.565;1.3827;11.3234;20283;03/27/21;13:46:44:352
0.4202;1.0391;12.0285;20304;03/27/21;13:46:44:373
0.2933;0.7518;12.6043;20323;03/27/21;13:46:44:392
0.3292;0.407;13.1537;20344;03/27/21;13:46:44:413
0.3292;0.407;13.1537;20363;03/27/21;13:46:44:432
0.3041;0.5507;12.7431;20384;03/27/21;13:46:44:453
0.3484;0.6931;12.2487;20403;03/27/21;13:46:44:472
0.492;0.7757;11.8453;20423;03/27/21;13:46:44:492
0.5806;0.7649;11.7292;20443;03/27/21;13:46:44:512
0.6213;0.7554;12.5827;20463;03/27/21;13:46:44:532
0.4657;0.4549;12.9215;20483;03/27/21;13:46:44:552
0.4262;0.3244;13.3453;20503;03/27/21;13:46:44:572
0.4154;0.2622;13.4973;20523;03/27/21;13:46:44:592
0.3903;0.2873;13.453;20542;03/27/21;13:46:44:611
0.3807;0.4705;13.0987;20563;03/27/21;13:46:44:632
0.31;0.7051;12.554;20583;03/27/21;13:46:44:652
0.3304;0.7661;12.4223;20603;03/27/21;13:46:44:672
0.3903;0.7123;12.572;20623;03/27/21;13:46:44:692
0.4226;0.6943;12.5624;20643;03/27/21;13:46:44:712
0.5471;0.6548;12.3948;20663;03/27/21;13:46:44:732
0.583;0.7219;12.2643;20683;03/27/21;13:46:44:752
0.6213;0.7147;12.0907;20703;03/27/21;13:46:44:772
0.6213;0.7147;12.0907;20723;03/27/21;13:46:44:792
0.6668;0.6548;11.7436;20742;03/27/21;13:46:44:811
0.6716;0.7207;10.981;20763;03/27/21;13:46:44:832
0.6476;0.814;10.4471;20783;03/27/21;13:46:44:852
0.516;0.7111;10.2891;20803;03/27/21;13:46:44:872
0.3567;0.5818;10.4758;20823;03/27/21;13:46:44:892
0.3639;0.5926;10.3394;20843;03/27/21;13:46:44:912
0.4106;0.7147;9.9383;20863;03/27/21;13:46:44:932
0.4537;0.8655;9.2404;20882;03/27/21;13:46:44:951
0.5028;0.7602;9.0956;20903;03/27/21;13:46:44:972
0.4752;0.5866;9.0884;20923;03/27/21;13:46:44:992
0.5124;0.5459;9.1578;20943;03/27/21;13:46:45:012
0.5171;0.662;8.6957;20963;03/27/21;13:46:45:032
0.5854;0.7039;8.4348;20982;03/27/21;13:46:45:051
0.6261;0.7242;8.1331;21003;03/27/21;13:46:45:072
0.6764;0.6273;8.0649;21023;03/27/21;13:46:45:092
0.6021;0.6644;7.9104;21043;03/27/21;13:46:45:112
0.6021;0.6644;7.9104;21063;03/27/21;13:46:45:132
0.7865;0.8691;7.1024;21083;03/27/21;13:46:45:152
0.7733;0.9433;6.948;21103;03/27/21;13:46:45:172
0.6943;0.826;7.1407;21123;03/27/21;13:46:45:192
0.7027;0.8236;7.1874;21143;03/27/21;13:46:45:212
0.7757;0.8715;7.1419;21163;03/27/21;13:46:45:232
0.8547;0.8595;7.0413;21183;03/27/21;13:46:45:252
0.7781;1.0127;6.9743;21203;03/27/21;13:46:45:272
0.6081;1.1791;7.4113;21223;03/27/21;13:46:45:292
0.486;1.2282;7.768;21243;03/27/21;13:46:45:312
0.4441;1.2546;8.3031;21263;03/27/21;13:46:45:332
0.5243;1.2462;8.4695;21283;03/27/21;13:46:45:352
0.6081;1.2234;8.6215;21303;03/27/21;13:46:45:372
0.6189;1.1815;9.086;21323;03/27/21;13:46:45:392
0.5938;1.2725;9.335;21343;03/27/21;13:46:45:412
0.6847;1.3396;9.3769;21363;03/27/21;13:46:45:432
0.9565;1.4054;9.1937;21384;03/27/21;13:46:45:453
1.087;1.5443;8.9579;21402;03/27/21;13:46:45:471
1.0786;1.6915;8.8178;21423;03/27/21;13:46:45:492
1.0056;1.7154;8.9208;21442;03/27/21;13:46:45:511
0.8691;1.6149;9.3206;21463;03/27/21;13:46:45:532
0.7506;1.4964;9.6235;21483;03/27/21;13:46:45:552
0.6165;1.5622;9.4786;21503;03/27/21;13:46:45:572
0.4154;1.6927;9.2991;21522;03/27/21;13:46:45:591
0.328;1.7669;9.1674;21543;03/27/21;13:46:45:612
0.2693;1.7382;9.2739;21563;03/27/21;13:46:45:632
0.3124;1.6975;9.5181;21583;03/27/21;13:46:45:652
0.3831;1.7933;9.4978;21603;03/27/21;13:46:45:672
0.5124;1.8687;9.1901;21623;03/27/21;13:46:45:692
0.5962;1.8914;9.0525;21643;03/27/21;13:46:45:712
0.6297;1.8459;9.1291;21663;03/27/21;13:46:45:732
0.6859;1.7418;9.5146;21683;03/27/21;13:46:45:752
0.5962;1.6759;9.7659;21703;03/27/21;13:46:45:772
0.6069;1.6508;9.6247;21723;03/27/21;13:46:45:792
0.5914;1.652;9.5313;21743;03/27/21;13:46:45:812
0.5686;1.6724;9.3266;21763;03/27/21;13:46:45:832
0.4453;1.7526;9.165;21783;03/27/21;13:46:45:852
0.4094;1.7334;9.0477;21803;03/27/21;13:46:45:872
0.419;1.7095;8.9759;21824;03/27/21;13:46:45:893
0.4657;1.658;8.7604;21843;03/27/21;13:46:45:912
0.4693;1.5299;8.5269;21863;03/27/21;13:46:45:932
0.4609;1.421;8.242;21884;03/27/21;13:46:45:953
0.4369;1.239;8.017;21902;03/27/21;13:46:45:971
0.4274;1.1779;7.6339;21923;03/27/21;13:46:45:992
0.4824;1.1444;7.0282;21943;03/27/21;13:46:46:012
0.5315;1.0008;6.6499;21964;03/27/21;13:46:46:033
0.5411;1.002;6.2321;21983;03/27/21;13:46:46:052
0.826;1.1013;6.0418;22003;03/27/21;13:46:46:072
1.1097;1.1899;6.1136;22023;03/27/21;13:46:46:092
1.1815;1.1612;6.2177;22043;03/27/21;13:46:46:112
1.0355;0.8308;6.8821;22063;03/27/21;13:46:46:132
0.7554;0.6979;7.4232;22083;03/27/21;13:46:46:152
0.7147;1.0546;7.3119;22103;03/27/21;13:46:46:172
0.5758;1.1205;7.4172;22123;03/27/21;13:46:46:192
0.4369;0.8607;8.0182;22142;03/27/21;13:46:46:211
0.2466;0.8691;8.5617;22163;03/27/21;13:46:46:232
0.2263;1.1049;8.4575;22183;03/27/21;13:46:46:252
0.4058;1.3479;8.3606;22203;03/27/21;13:46:46:272
0.5351;1.1971;8.6383;22222;03/27/21;13:46:46:291
0.5614;1.1193;8.8274;22243;03/27/21;13:46:46:312
0.486;0.8894;9.6881;22264;03/27/21;13:46:46:333
0.5327;0.844;10.416;22283;03/27/21;13:46:46:352
0.8511;1.075;10.2113;22303;03/27/21;13:46:46:372
1.0379;1.4305;9.7336;22322;03/27/21;13:46:46:391
0.9972;1.5024;9.8474;22343;03/27/21;13:46:46:412
0.8511;1.3324;10.5225;22363;03/27/21;13:46:46:432
0.7075;1.0104;11.4622;22383;03/27/21;13:46:46:452
0.5327;1.0427;11.7711;22403;03/27/21;13:46:46:472
0.6141;1.312;11.4658;22423;03/27/21;13:46:46:492
0.6548;1.4497;11.1965;22443;03/27/21;13:46:46:512
0.6596;1.7609;11.224;22463;03/27/21;13:46:46:532
0.7649;1.6963;12.0536;22483;03/27/21;13:46:46:552
0.7075;1.2809;13.2028;22502;03/27/21;13:46:46:571
0.6381;0.9409;13.8636;22523;03/27/21;13:46:46:592
0.492;0.838;14.0935;22543;03/27/21;13:46:46:612
0.4046;1.008;13.9402;22563;03/27/21;13:46:46:632
0.4142;1.0714;13.7942;22583;03/27/21;13:46:46:652
0.2765;1.172;13.775;22603;03/27/21;13:46:46:672
0.3855;1.0343;13.8612;22623;03/27/21;13:46:46:692
0.407;0.972;14.0169;22643;03/27/21;13:46:46:712
0.2131;0.735;14.4753;22663;03/27/21;13:46:46:732
0.1951;0.7195;14.5747;22683;03/27/21;13:46:46:752
0.4453;0.7446;14.0719;22702;03/27/21;13:46:46:771
0.6189;0.8045;13.5943;22723;03/27/21;13:46:46:792
0.6333;0.8859;13.3513;22743;03/27/21;13:46:46:812
0.7075;0.8966;13.0197;22763;03/27/21;13:46:46:832
0.8056;0.9744;12.9383;22783;03/27/21;13:46:46:852
0.8392;0.8918;12.6366;22804;03/27/21;13:46:46:873
0.7578;0.8092;12.5061;22823;03/27/21;13:46:46:892
0.9134;0.9254;11.3737;22844;03/27/21;13:46:46:913
0.9134;0.9254;11.3737;22863;03/27/21;13:46:46:932
0.8583;0.9792;10.8625;22883;03/27/21;13:46:46:952
0.7661;0.9637;10.4375;22903;03/27/21;13:46:46:972
0.7278;0.8918;10.4639;22923;03/27/21;13:46:46:992
0.7374;0.82;10.313;22943;03/27/21;13:46:47:012
0.8056;0.8691;9.7121;22963;03/27/21;13:46:47:032
0.8954;1.0582;8.8849;22982;03/27/21;13:46:47:051
0.844;1.1205;8.2959;23003;03/27/21;13:46:47:072
0.6297;1.0247;8.333;23024;03/27/21;13:46:47:093
0.6225;0.9972;8.3821;23043;03/27/21;13:46:47:112
0.6225;0.9972;8.3821;23064;03/27/21;13:46:47:133
0.6225;0.9972;8.3821;23083;03/27/21;13:46:47:152
0.6225;0.9972;8.3821;23103;03/27/21;13:46:47:172
0.8631;0.9266;8.1271;23123;03/27/21;13:46:47:192
0.7278;0.832;7.5932;23143;03/27/21;13:46:47:212
0.8068;0.8404;7.8338;23163;03/27/21;13:46:47:232
0.7877;0.8452;7.932;23182;03/27/21;13:46:47:251
0.7506;0.7889;7.8506;23203;03/27/21;13:46:47:272
0.8056;0.8212;6.7732;23223;03/27/21;13:46:47:292
0.8679;0.8332;6.6607;23243;03/27/21;13:46:47:312
0.923;0.8104;6.6092;23263;03/27/21;13:46:47:332
0.8823;0.9373;6.7864;23283;03/27/21;13:46:47:352
0.826;0.9505;6.7612;23303;03/27/21;13:46:47:372
0.9313;1.1887;6.6535;23323;03/27/21;13:46:47:392
0.917;1.221;6.8295;23343;03/27/21;13:46:47:412
0.8871;1.2953;7.5166;23363;03/27/21;13:46:47:432
0.7458;1.4712;8.2803;23384;03/27/21;13:46:47:453
0.6261;1.5191;8.6095;23403;03/27/21;13:46:47:472
0.6021;1.3683;9.0202;23423;03/27/21;13:46:47:492
0.6213;1.2809;9.3362;23443;03/27/21;13:46:47:512
0.5997;1.1696;9.6558;23463;03/27/21;13:46:47:532
0.6596;1.0499;9.8713;23483;03/27/21;13:46:47:552
0.9014;1.0606;9.6163;23503;03/27/21;13:46:47:572
1.0151;1.1025;9.262;23523;03/27/21;13:46:47:592
1.0654;1.1277;9.1482;23543;03/27/21;13:46:47:612
1.0104;1.3671;9.1494;23563;03/27/21;13:46:47:632
0.7171;1.7083;9.2452;23583;03/27/21;13:46:47:652
0.51;1.7968;9.4128;23603;03/27/21;13:46:47:672
0.3962;1.7968;9.4475;23623;03/27/21;13:46:47:692
0.3352;1.7657;9.5948;23643;03/27/21;13:46:47:712
0.3735;1.7214;9.5624;23663;03/27/21;13:46:47:732
0.504;1.658;9.5888;23683;03/27/21;13:46:47:752
0.6141;1.7154;9.4164;23703;03/27/21;13:46:47:772
0.6704;1.7573;9.1889;23723;03/27/21;13:46:47:792
0.729;1.7645;9.0968;23743;03/27/21;13:46:47:812
0.832;1.743;8.9699;23763;03/27/21;13:46:47:832
0.7805;1.5945;9.3996;23784;03/27/21;13:46:47:853
0.7219;1.6125;9.5122;23802;03/27/21;13:46:47:871
0.6656;1.6867;9.3948;23823;03/27/21;13:46:47:892
0.6476;1.6688;9.2787;23843;03/27/21;13:46:47:912
0.7147;1.6855;9.1183;23863;03/27/21;13:46:47:932
0.7949;1.6436;9.0106;23883;03/27/21;13:46:47:952
0.7614;1.6616;8.8777;23903;03/27/21;13:46:47:972
0.7302;1.6328;8.8741;23923;03/27/21;13:46:47:992
0.7326;1.4533;8.6814;23943;03/27/21;13:46:48:012
0.7901;1.3886;8.5413;23963;03/27/21;13:46:48:032
0.8631;1.3108;8.2983;23983;03/27/21;13:46:48:052
0.8643;1.1923;8.1738;24003;03/27/21;13:46:48:072
0.8068;1.148;7.9547;24023;03/27/21;13:46:48:092
0.893;1.1061;7.531;24043;03/27/21;13:46:48:112
0.9469;1.1085;7.0773;24063;03/27/21;13:46:48:132
0.8775;1.0989;6.6679;24083;03/27/21;13:46:48:152
0.7518;1.0487;7.2484;24103;03/27/21;13:46:48:172
0.5626;0.9254;7.337;24122;03/27/21;13:46:48:191
0.5064;0.8751;7.4208;24143;03/27/21;13:46:48:212
0.4429;0.9912;7.2784;24164;03/27/21;13:46:48:233
0.4429;0.9912;7.2784;24183;03/27/21;13:46:48:252
0.407;1.1959;6.8738;24203;03/27/21;13:46:48:272
0.407;1.1959;6.8738;24223;03/27/21;13:46:48:292
0.1425;1.1384;8.1726;24243;03/27/21;13:46:48:312
0.4884;1.5694;8.2408;24264;03/27/21;13:46:48:333
0.6297;1.7418;8.6419;24284;03/27/21;13:46:48:353
0.5734;1.7526;8.9938;24305;03/27/21;13:46:48:374
0.3376;1.7059;9.6726;24323;03/27/21;13:46:48:392
0.2322;1.5359;10.3441;24343;03/27/21;13:46:48:412
0.1903;1.5036;10.5872;24363;03/27/21;13:46:48:432
0.328;1.5443;10.7488;24383;03/27/21;13:46:48:452
0.68;1.6448;10.8002;24403;03/27/21;13:46:48:472
0.68;1.6448;10.8002;24425;03/27/21;13:46:48:494
0.48;1.6891;11.163;24442;03/27/21;13:46:48:511
0.3831;1.81;11.3437;24463;03/27/21;13:46:48:532
0.5064;1.7358;11.6143;24483;03/27/21;13:46:48:552
0.6141;1.7131;11.6765;24503;03/27/21;13:46:48:572
0.6608;1.6233;12.0273;24523;03/27/21;13:46:48:592
0.6656;1.5754;12.2296;24543;03/27/21;13:46:48:612
0.7219;1.506;12.6689;24563;03/27/21;13:46:48:632
0.7961;1.5167;13.3225;24583;03/27/21;13:46:48:652
0.7003;1.4281;13.9211;24603;03/27/21;13:46:48:672
0.6057;1.2953;14.3377;24623;03/27/21;13:46:48:692
0.6081;1.1923;14.4394;24643;03/27/21;13:46:48:712
0.6069;1.2234;14.4047;24664;03/27/21;13:46:48:733
0.8547;1.6197;13.234;24683;03/27/21;13:46:48:752
0.8894;1.7358;12.9682;24703;03/27/21;13:46:48:772
0.8775;1.7633;12.7587;24723;03/27/21;13:46:48:792
0.8583;1.6795;12.7874;24743;03/27/21;13:46:48:812
0.6979;1.4102;13.2268;24763;03/27/21;13:46:48:832
0.7362;1.2929;13.1047;24782;03/27/21;13:46:48:851
0.7422;1.4425;12.4307;24803;03/27/21;13:46:48:872
0.7494;1.4844;11.9806;24823;03/27/21;13:46:48:892
0.6464;1.5682;11.722;24843;03/27/21;13:46:48:912
0.6189;1.5191;11.4431;24863;03/27/21;13:46:48:932
0.656;1.4988;11.0038;24883;03/27/21;13:46:48:952
0.6632;1.4353;10.6554;24903;03/27/21;13:46:48:972
0.7434;1.3767;10.1861;24923;03/27/21;13:46:48:992
0.7566;1.318;9.8833;24943;03/27/21;13:46:49:012
0.8643;1.2641;9.1662;24963;03/27/21;13:46:49:032
0.6548;0.972;8.7712;24983;03/27/21;13:46:49:052
0.6345;0.899;8.8585;25003;03/27/21;13:46:49:072
0.6261;0.899;8.9938;25023;03/27/21;13:46:49:092
0.7649;0.8559;8.7424;25043;03/27/21;13:46:49:112
0.8068;0.8571;8.6718;25063;03/27/21;13:46:49:132
1.0068;0.8272;7.9428;25083;03/27/21;13:46:49:152
1.0068;0.8619;7.7069;25103;03/27/21;13:46:49:172
1.0068;0.8619;7.7069;25123;03/27/21;13:46:49:192
1.0068;0.8619;7.7069;25144;03/27/21;13:46:49:213
1.0068;0.8619;7.7069;25163;03/27/21;13:46:49:232
0.5938;0.8392;7.1132;25184;03/27/21;13:46:49:253
0.5938;0.8392;7.1132;25204;03/27/21;13:46:49:273
0.6297;0.917;6.8953;25223;03/27/21;13:46:49:292
0.6297;0.917;6.8953;25243;03/27/21;13:46:49:312
0.5842;1.008;6.9516;25263;03/27/21;13:46:49:332
0.4537;0.9948;7.3011;25282;03/27/21;13:46:49:351
0.5004;1.0139;7.3251;25304;03/27/21;13:46:49:373
0.5004;1.0139;7.3251;25324;03/27/21;13:46:49:393
0.5004;1.0139;7.3251;25344;03/27/21;13:46:49:413
0.5004;1.0139;7.3251;25363;03/27/21;13:46:49:432
0.5207;1.1313;7.4148;25383;03/27/21;13:46:49:452
0.4956;1.5083;9.3494;25403;03/27/21;13:46:49:472
0.498;1.1875;9.8904;25423;03/27/21;13:46:49:492
0.4992;1.0642;10.1047;25443;03/27/21;13:46:49:512
0.6955;1.0451;9.9862;25464;03/27/21;13:46:49:533
0.8487;1.2869;9.4415;25484;03/27/21;13:46:49:553
0.9481;1.5718;8.9615;25503;03/27/21;13:46:49:572
0.826;1.646;9.1255;25524;03/27/21;13:46:49:593
0.7242;1.658;9.2799;25543;03/27/21;13:46:49:612
0.431;1.6269;9.6343;25563;03/27/21;13:46:49:632
0.1688;1.6269;9.8043;25584;03/27/21;13:46:49:653
0.1652;1.6795;9.7013;25603;03/27/21;13:46:49:672
0.2861;1.7095;9.5337;25623;03/27/21;13:46:49:692
0.3711;1.7059;9.5158;25643;03/27/21;13:46:49:712
0.5004;1.6269;9.4954;25663;03/27/21;13:46:49:732
0.6476;1.5981;9.4284;25683;03/27/21;13:46:49:752
0.7326;1.6269;9.4128;25703;03/27/21;13:46:49:772
0.808;1.6101;9.432;25723;03/27/21;13:46:49:792
0.8823;1.5311;9.4296;25743;03/27/21;13:46:49:812
0.8535;1.4293;9.4535;25763;03/27/21;13:46:49:832
0.8356;1.4353;9.4918;25783;03/27/21;13:46:49:852
0.7434;1.4473;9.432;25803;03/27/21;13:46:49:872
0.6895;1.5024;9.2033;25823;03/27/21;13:46:49:892
0.6428;1.5071;9.1351;25843;03/27/21;13:46:49:912
0.5734;1.4796;8.916;25864;03/27/21;13:46:49:933
0.6177;1.4712;8.424;25883;03/27/21;13:46:49:952
0.644;1.3815;8.2803;25903;03/27/21;13:46:49:972
0.6716;1.2929;8.1547;25923;03/27/21;13:46:49:992
0.68;1.2234;8.0589;25943;03/27/21;13:46:50:012
0.6692;1.0678;7.8542;25963;03/27/21;13:46:50:032
0.7853;1.0786;7.1239;25983;03/27/21;13:46:50:052
0.8894;1.1432;6.5517;26003;03/27/21;13:46:50:072
0.9529;1.0977;6.5074;26023;03/27/21;13:46:50:092
0.7602;0.929;7.0186;26043;03/27/21;13:46:50:112
0.6321;0.808;7.3155;26063;03/27/21;13:46:50:132
0.5303;0.8966;6.9228;26083;03/27/21;13:46:50:152
0.6189;1.0163;6.6487;26103;03/27/21;13:46:50:172
0.5866;1.081;6.5553;26123;03/27/21;13:46:50:192
0.4657;1.1863;6.6391;26142;03/27/21;13:46:50:211
0.3831;1.251;6.8115;26164;03/27/21;13:46:50:233
0.3915;1.4341;7.27;26183;03/27/21;13:46:50:252
0.4633;1.4389;7.4436;26203;03/27/21;13:46:50:272
0.5231;1.4748;7.6531;26223;03/27/21;13:46:50:292
0.4537;1.3827;8.8119;26243;03/27/21;13:46:50:312
0.419;1.2139;9.6558;26264;03/27/21;13:46:50:333
0.419;1.2139;9.6558;26283;03/27/21;13:46:50:352
0.419;1.2139;9.6558;26304;03/27/21;13:46:50:373
0.3639;1.251;10.2412;26324;03/27/21;13:46:50:393
0.4118;1.4114;10.8254;26344;03/27/21;13:46:50:413
0.4082;1.4222;10.8984;26363;03/27/21;13:46:50:432
0.5782;1.5215;11.2695;26384;03/27/21;13:46:50:453
0.7302;1.4784;11.5029;26403;03/27/21;13:46:50:472
0.8894;1.4138;11.6993;26423;03/27/21;13:46:50:492
0.9493;1.3719;11.7855;26443;03/27/21;13:46:50:512
0.9804;1.385;12.2392;26464;03/27/21;13:46:50:533
0.8284;1.3731;12.5241;26482;03/27/21;13:46:50:551
0.5974;1.3012;12.8605;26504;03/27/21;13:46:50:573
0.4585;1.2175;13.0376;26523;03/27/21;13:46:50:592
0.4633;1.2031;13.0388;26543;03/27/21;13:46:50:612
0.6584;1.245;12.8904;26562;03/27/21;13:46:50:631
0.9026;1.3431;12.8162;26583;03/27/21;13:46:50:652
0.8464;1.2737;13.0676;26602;03/27/21;13:46:50:671
0.6249;1.1863;13.4937;26623;03/27/21;13:46:50:692
0.577;1.1468;13.6039;26643;03/27/21;13:46:50:712
0.5327;1.0678;13.471;26663;03/27/21;13:46:50:732
0.5782;1.136;13.1334;26683;03/27/21;13:46:50:752
0.6608;1.3276;12.4786;26702;03/27/21;13:46:50:771
0.6704;1.4234;12.068;26723;03/27/21;13:46:50:792
0.644;1.4162;12.056;26743;03/27/21;13:46:50:812
0.6069;1.3336;12.2236;26763;03/27/21;13:46:50:832
0.5746;1.2258;12.2823;26783;03/27/21;13:46:50:852
0.583;1.1995;12.1218;26803;03/27/21;13:46:50:872
0.516;1.2761;11.8082;26823;03/27/21;13:46:50:892
0.5148;1.336;11.728;26843;03/27/21;13:46:50:912
0.5303;1.3527;11.5556;26864;03/27/21;13:46:50:933
0.5291;1.3372;11.4622;26883;03/27/21;13:46:50:952
0.4944;1.2725;10.975;26903;03/27/21;13:46:50:972
0.5088;1.3384;10.4064;26923;03/27/21;13:46:50:992
0.4717;1.3587;10.1598;26943;03/27/21;13:46:51:012
0.4142;1.3467;9.8174;26963;03/27/21;13:46:51:032
0.4465;1.2653;9.6139;26983;03/27/21;13:46:51:052
0.3903;1.2007;9.5852;27003;03/27/21;13:46:51:072
0.4046;1.1779;9.396;27024;03/27/21;13:46:51:093
0.4764;1.2079;8.9962;27043;03/27/21;13:46:51:112
0.4549;1.2246;8.8873;27063;03/27/21;13:46:51:132
0.4932;1.2091;8.491;27083;03/27/21;13:46:51:152
0.2598;0.996;8.8514;27103;03/27/21;13:46:51:172
0.2322;0.8918;9.0357;27123;03/27/21;13:46:51:192
0.1927;0.9194;9.0022;27143;03/27/21;13:46:51:212
0.2586;0.9445;8.6574;27164;03/27/21;13:46:51:233
0.334;0.9457;8.1403;27184;03/27/21;13:46:51:253
0.4106;0.9685;7.8937;27203;03/27/21;13:46:51:272
0.5483;1.0846;7.1599;27223;03/27/21;13:46:51:292
0.5483;1.0846;7.1599;27243;03/27/21;13:46:51:312
0.6273;1.1372;7.2963;27263;03/27/21;13:46:51:332
0.6991;1.0331;7.3394;27283;03/27/21;13:46:51:352
0.6871;1.1301;7.6255;27303;03/27/21;13:46:51:372
0.8559;1.0678;7.5298;27323;03/27/21;13:46:51:392
0.8942;1.0846;7.3694;27343;03/27/21;13:46:51:412
0.838;1.1684;7.3119;27363;03/27/21;13:46:51:432
0.68;1.1911;7.6411;27383;03/27/21;13:46:51:452
0.6093;1.3707;7.9152;27403;03/27/21;13:46:51:472
0.6716;1.4796;8.102;27423;03/27/21;13:46:51:492
0.5734;1.5431;8.169;27443;03/27/21;13:46:51:512
0.6213;1.5897;8.023;27462;03/27/21;13:46:51:531
0.6141;1.7968;8.6215;27484;03/27/21;13:46:51:553
0.8871;1.8759;8.8573;27503;03/27/21;13:46:51:572
0.8116;1.7502;9.3075;27524;03/27/21;13:46:51:593
0.7685;1.7549;9.4607;27544;03/27/21;13:46:51:613
0.7554;1.6364;9.56;27563;03/27/21;13:46:51:632
0.7913;1.7669;9.6235;27583;03/27/21;13:46:51:652
0.7793;1.9561;9.4751;27603;03/27/21;13:46:51:672
0.9601;2.1081;9.3434;27623;03/27/21;13:46:51:692
0.9972;2.0542;9.3529;27644;03/27/21;13:46:51:713
0.7829;1.9261;9.675;27663;03/27/21;13:46:51:732
0.6177;1.8435;9.6582;27684;03/27/21;13:46:51:753
0.6009;1.8256;9.6103;27703;03/27/21;13:46:51:772
0.6009;1.8256;9.6103;27724;03/27/21;13:46:51:793
0.5076;1.7538;9.7229;27743;03/27/21;13:46:51:812
0.5231;1.7298;9.8713;27763;03/27/21;13:46:51:832
0.8296;1.6628;9.4942;27783;03/27/21;13:46:51:852
0.7877;1.7621;9.3422;27802;03/27/21;13:46:51:871
0.7039;1.7549;9.3565;27825;03/27/21;13:46:51:894
0.7171;1.7107;9.4511;27843;03/27/21;13:46:51:912
0.8045;1.7358;9.3386;27863;03/27/21;13:46:51:932
0.753;1.7657;9.317;27883;03/27/21;13:46:51:952
0.741;1.7418;9.4164;27902;03/27/21;13:46:51:971
0.7087;1.737;9.5229;27924;03/27/21;13:46:51:993
0.6452;1.7526;9.6139;27943;03/27/21;13:46:52:012
0.6081;1.719;9.7121;27962;03/27/21;13:46:52:031
0.9613;1.7873;9.4523;27983;03/27/21;13:46:52:052
0.7422;1.8735;9.5864;28003;03/27/21;13:46:52:072
0.7254;1.8818;9.5122;28023;03/27/21;13:46:52:092
0.6345;1.9213;9.4595;28043;03/27/21;13:46:52:112
0.6249;1.8064;9.5026;28063;03/27/21;13:46:52:132
0.6404;1.8531;9.4786;28083;03/27/21;13:46:52:152
0.5674;1.8172;9.6007;28103;03/27/21;13:46:52:172
0.577;1.8423;9.6714;28124;03/27/21;13:46:52:193
0.4764;1.8974;9.6845;28143;03/27/21;13:46:52:212
0.5519;1.8328;9.5565;28164;03/27/21;13:46:52:233
0.3938;1.8148;9.6259;28182;03/27/21;13:46:52:251
0.7865;1.7502;9.645;28203;03/27/21;13:46:52:272
0.8787;1.7059;10.0365;28223;03/27/21;13:46:52:292
0.7123;1.7286;10.2256;28243;03/27/21;13:46:52:312
0.6548;1.81;9.6379;28263;03/27/21;13:46:52:332
0.5459;1.8735;9.481;28283;03/27/21;13:46:52:352
0.5614;1.7825;9.5541;28303;03/27/21;13:46:52:372
